company_id,company
1,Warner Bros.
2,Columbia Pictures
3,Lucasfilm
4,Paramount Pictures
5,Orion Pictures
6,Universal Pictures
7,Chartoff-Winkler Productions
8,Dovemead Films
9,United Artists
10,The Malpaso Company
11,C.A.T. Films
12,Filmways Pictures
13,Rastar Pictures
14,IPC Films
15,AVCO Embassy Pictures
16,Lorimar Film Entertainment
17,Partisan Productions
18,Bryna Productions
19,Twentieth Century Fox
20,Cattle Annie Productions
21,PolyGram Filmed Entertainment
22,Camp Hill
23,Melvin Simon Productions
24,Jack Rollins & Charles H. Joffe Productions
25,International Cinema
26,Mulberry Square Productions
27,American Cinema Productions
28,Walt Disney Productions
29,Borough Park Productions
30,Polygram Pictures
31,Renaissance Pictures
32,Astral Bellevue Pathé
33,Charles H. Schneer Productions
34,Cinema '84
35,Kennedy Miller Productions
36,Golden Harvest Company
37,Mann/Caan Productions
38,HandMade Films
39,Georgetown Productions Inc.
40,Eon Productions
41,Dino De Laurentiis Company
42,Major Studio Partners
43,Barclays Mercantile Industrial Finance
44,Walt Disney Animation Studios
45,Enigma Productions
46,Metro-Goldwyn-Mayer (MGM)
47,Brooksfilms
48,Embassy Pictures
49,Gurian Entertainment
50,International Cinema Corporation (ICC)
51,Barry & Enright Productions
52,CIP Filmproduktion GmbH
53,The Ladd Company
54,Artista Management
55,Fulvia Film
56,Zoetrope Studios
57,Innovisions
58,DeHaven/Shapiro Productions
59,Eaves Movie Ranch
60,Heron Productions
61,Cinema Group Ventures
62,One Way Productions
63,PolyGram Pictures
64,EMI Films
65,Anabasis N.V.
66,Incorporated Television Company (ITC)
67,International Film Investors
68,Aurora
69,Embassy International Pictures
70,Leisure Investment Company
71,United Film Distribution Company (UFDC)
72,Cambridge Productions
73,Goldcrest Films International
74,RKO Pictures
75,Cinematograph AB
76,Almena Films
77,Pan Arts
78,Rankin/Bass Productions
79,VAE Productions
80,Golan-Globus Productions
81,The Geffen Company
82,Aspen Film Society
83,Chai Productions
84,Sandcastle 5 Productions
85,Richmond Light Horse Productions
86,Efer Productions
87,Lorimar Productions
88,James Glickenhaus
89,C & C Brown Production
90,Herb Jaffe
91,Cable and Wireless Finance
92,National Lampoon
93,Unity Productions
94,Atlantic Entertainment Group
95,Filmplan International
96,Amblin Entertainment
97,TaliaFilm II Productions
98,Sunn Classic Pictures
99,Breathless Associates
100,ABC Motion Pictures
101,Lucille Ball Productions
102,Ladbroke
103,Polyc International BV
104,Seagoat Films
105,Celandine Films
106,Aries Cinematográfica Argentina
107,Eagle Associates.
108,1818 Productions
109,Tiberius Film Productions
110,Millenium
111,JF Productions
112,Adams Apple Film Company
113,Cannon Films
114,Hickmar Productions
115,Cabal Film
116,Heat GBR
117,City Films
118,Nelvana
119,Cannon Films Inc.
120,De Laurentiis Entertainment Group (DEG)
121,Osterman Weekend Associates
122,World Film Services
123,Rastar Films
124,Harold Robbins International Company
125,Delphi Films
126,Double Play
127,D & P Productions
128,Phillips Whitehouse Productions
129,Seventh Avenue Films
130,Winwood Productions
131,Englander Productions
132,Charles Burnett Productions
133,New Line Cinema
134,AMLF
135,Constantin Film
136,Spinal Tap Prod.
137,Kingsmere Properties
138,Hal Roach Studios
139,Touchstone Pictures
140,River Road Productions
141,TriStar Pictures
142,Bachelor Party Productions
143,Artistry Limited
144,C.H.U.D. Productions
145,Edge City Productions
146,New World Pictures
147,Arcafin B.V.
148,Cinesthesia Productions
149,Filmline Productions
150,Colgems Productions Ltd.
151,The Cannon Group
152,A&M Films
153,Jaffe-Lansing
154,Bavaria Film
155,Capricorn
156,Hemdale
157,HBO Pictures
158,Fox Run Productions Inc.
159,Don Simpson/Jerry Bruckheimer Films
160,Anarchist's Convention Films
161,BBE
162,Hawn / Sylbert Movie Company
163,Tartan Productions
164,Edgar J. Scherick Associates
165,MPL Communications
166,CBS Theatrical Films
167,Skyewiay
168,Almost You
169,SLM Production Group
170,Estudios Churubusco Azteca S.A.
171,Legend Production Company
172,Delphi III Productions
173,Greenwich Film Productions
174,Mirage Enterprises
175,Walt Disney Pictures
176,Empire Pictures
177,Night Life Inc.
178,American Playhouse
179,Cinepro
180,Balcor Film Investors
181,Desert Hearts Productions
182,GGG
183,Toho Company
184,Pressman Productions
185,Eurasia Investments
186,David Foster Productions
187,Crystalite Productions
188,Filmation Associates
189,Young Sung Production Co.
190,Bud Yorkin Productions
191,Cannon Pictures
192,Rimfire Films
193,Henson Associates (HA)
194,Thorn EMI Screen Entertainment
195,The Saul Zaentz Company
196,Producers Sales Organization (PSO)
197,New Century Entertainment Corporation
198,Jay Weston Productions
199,L.A. Films
200,Lawrence Gordon Productions
201,Initial Pictures
202,Maljack Productions
203,Sunbow Productions
204,Religioso Primitiva
205,40 Acres & A Mule Filmworks
206,Island Pictures
207,Freddie Fields Productions
208,Kings Road Entertainment
209,Carthago Films S.a.r.l.
210,Capital Equipment Leasing
211,Gladden Entertainment
212,Cannon Group
213,Delphi V Productions
214,Paragon Arts International
215,American Filmworks
216,Escalante Productions
217,J&M Entertainment
218,Act III Communications
219,Natant
220,Great American Films Limited Partnership
221,Circle Films
222,F/M
223,TAFT Entertainment Pictures
224,Amercent Films
225,Carolco International N.V.
226,Alive Films
227,Columbia Pictures Industries
228,Applied Action
229,Emshell Producers
230,Heron Communications
231,Vista Organization
232,Aaron Spelling Productions
233,Canon Italia S.r.l.
234,Home Box Office (HBO)
235,The Guber-Peters Company
236,Carolco Pictures
237,Cinecom Entertainment Group
238,Fourth Protocol
239,Lorimar Motion Pictures
240,Imagine Films Entertainment
241,Independent Film Centre
242,The Samuel Goldwyn Company
243,Zenith Entertainment
244,H.I.T. Films
245,Conquering Unicorn
246,Commies From Mars Corporation
247,Cineplex Odeon Films
248,British Screen Productions
249,New World Entertainment Films
250,American Entertainment Partners II L.P.
251,Cristaldifilm
252,Tokuma Japan Communications
253,Morgan Creek Entertainment
254,Cannon International
255,The Mount Company
256,All Girl Productions
257,Prominent Features
258,Trancas International Films
259,NBC Productions
260,Mac and Me Joint Venture
261,Front Films
262,Weintraub Entertainment Group
263,Cannon Entertainment
264,White Lair
265,Vision PDG
266,Shapiro-Glickenhaus Entertainment
267,Laurenfilm
268,Cinema City Films
269,Blue Rider Pictures
270,Palace Pictures
271,Zanuck/Brown Productions
272,Palla
273,Cornelius Productions
274,Zacharias-Buhai Productions
275,Spacegate Productions
276,New Sky Communications Inc.
277,Esparza
278,Imagine Entertainment
279,Abramoff Production
280,No Frills Film Production
281,Cecchi Gori Group Tiger Cinematografica
282,New Visions
283,Silver Screen Partners III
284,Crescent Moon
285,Producers Representative Organization
286,Silver Pictures
287,Outlaw Productions (I)
288,Castle Rock Entertainment
289,Ixtlan
290,Danjaq
291,Eddie Murphy Productions
292,White Eagle
293,Art Linson Productions
294,Cinecorp SAC
295,Filmauro
296,The Movie Group
297,The Zanuck Company
298,Avenue Pictures
299,Magnum Pictures Inc.
300,Carolco Entertainment
301,Beco Films
302,Gordon Company
303,Norman Twain Productions
304,Renaissance Films
305,Renn Productions
306,JVC Entertainment Networks
307,Vestron Pictures
308,Allied Vision
309,Alleged Productions
310,TMS Entertainment
311,Lightyear Entertainment
312,Malpaso Productions
313,Canadian International Studios VIII
314,Davros Films
315,Sean S. Cunningham Films
316,Hill/Rosenman
317,High Bar Productions
318,Cine Location Services
319,AM/PM Entertainment
320,Cinetel Films
321,Aaron Russo Entertainment
322,American Playhouse Theatrical Films
323,Hughes Entertainment
324,Tig Productions
325,888 Productions
326,Davis Entertainment
327,Hollywood Pictures
328,Reteitalia
329,Detour Filmproduction
330,Pathé Entertainment
331,88 Productions
332,Imperial Entertainment Corporation
333,Silver Screen Partners IV
334,"Jackson/McHenry Company,The"
335,21st Century Film Corporation
336,Nicolas Entertainment
337,Levins-Henenlotter
338,Cinehaus
339,Victor & Grais
340,Concorde Pictures
341,Lightning Pictures
342,Devoted Productions
343,Laurence Mark Productions
344,Recorded Picture Company (RPC)
345,Epic Productions
346,Westerly Films
347,Ironbark Films
348,Nova International Films
349,Interscope Communications
350,ADC Films
351,Channel Four Films
352,Brigand Films
353,Cinemarque Entertainment
354,Pacific Western
355,Paisley Park Films
356,Odyssey
357,Largo Entertainment
358,Strong Heart/Demme Production
359,Bill Graham Films
360,Nelson Entertainment
361,Geffen Pictures
362,Stone Group Pictures
363,Beacon Communications
364,Victor Company of Japan (JVC)
365,Joseph S. Vecchio Entertainment
366,Films A2
367,Davis-Panzer Productions
368,Little Tokyo Productions
369,Krisjair
370,Arnold Kopelson Productions
371,Argos Films
372,Capella International
373,Fogwood Films
374,IRS Media
375,Baltimore Pictures
376,Arena
377,Bronze Eye Productions
378,Carnival Film & Television
379,Siriol Productions
380,Hivemind
381,Les Films 21
382,Esperanza Films Inc.
383,Initial Entertainment Group (IEG)
384,Live Entertainment
385,Candyman Films
386,American Zoetrope
387,Kasdan Pictures
388,Avnet/Kerner Productions
389,Image Organization
390,Bakshi Animation
391,Allied Filmmakers
392,StudioCanal
393,Touchwood Pacific Partners 1
394,Largo International N.V.
395,Mace Neufeld Productions
396,WingNut Films
397,Parkes/Lasker productions
398,Encino Man Productions
399,Canal+
400,Bad Lt. Productions
401,FAI Films
402,Island World
403,Fifth Avenue Entertainment
404,Adventure Pictures
405,Challenge Film Corporation
406,Turner Pictures (I)
407,Gaumont
408,Alcor Films
409,Northern Lights Entertainment
410,Ascot Film
411,British Broadcasting Corporation (BBC)
412,Consejo Nacional para la Cultura y las Artes (CONACULTA)
413,Dino de Laurentiis Communications
414,Enchantment Films Inc.
415,DENTSU Music And Entertainment
416,Atchafalaya
417,Christopher Columbus Productions
418,Golden Way Films Ltd.
419,Desperate Pictures
420,Zeta Entertainment
421,Penta Pictures
422,Penta Films
423,Penta Entertainment
424,Majestic Films International
425,In The Bag Productions
426,Gramercy Pictures (I)
427,Price Entertainment
428,CiBy 2000
429,Hell's Kitchen Films
430,Film Andes S.A.
431,TriStar Television
432,Warner Bros. Family Entertainment
433,Trimark Pictures
434,Davis-Films
435,CNCAIMC
436,Polygram Filmed Entertainment
437,Dorset Productions
438,Icon Entertainment International
439,Raffaella De Laurentiis Productions
440,Warner Bros. Animation
441,Chiodo Brothers Productions
442,Full Crew/Say Yea
443,Tomson Films
444,Wildwood Enterprises
445,Propaganda Films
446,Artimm
447,Steve White Productions
448,August Entertainment
449,Capella Films
450,Parkway Productions
451,Hanna-Barbera Productions
452,Picture Securities
453,Richard Williams Productions
454,Film Workshop
455,Road Movies Filmproduktion
456,Cecchi Gori Europa N.V.
457,Ang Lee Productions
458,Rastar Productions
459,New Horizons Picture
460,Permut Presentations
461,Fine Line Features
462,Miramax
463,Krasnow Productions
464,The Mark Gordon Company
465,Crowvision Inc.
466,Capcom Entertainment
467,View Askew Productions
468,Donner/Shuler-Donner Productions
469,Caravan Pictures
470,Jersey Films
471,Ultra Muchos Productions
472,Cinergi Pictures Entertainment
473,Savoy Pictures
474,Vegahom Europe
475,Egg Pictures
476,Don Bluth
477,Greenleaf Productions
478,Jones Entertainment Group
479,Seagal/Nasso Productions
480,Etalon Film
481,Buckeye Films
482,Nest Family Entertainment
483,Fallingcloud
484,Audifilm
485,Channel Films
486,21st Century Films
487,Ben-Ami/Leeds Productions
488,Lumière Pictures
489,Planet Productions
490,Mulholland Productions
491,Kouf/Bigelow Productions
492,Cineville
493,Annhall
494,Barcelona Films
495,Aim
496,Studio Trite
497,Cecchi Gori Pictures
498,Guys Upstairs
499,Lumiere Pictures
500,Image Comics
501,Constellation Entertainment
502,Havoc
503,Lightstorm Entertainment
504,Beckner/Gorman Productions
505,Constellation
506,New Regency Productions
507,First Look International
508,Pandora Filmproduktion
509,Halloween VI Productions
510,Sandollar Productions
511,Suburban Pictures
512,JDI Productions
513,Lancaster Gate
514,Sweetland Films
515,FIT Productions
516,Seraphim Films
517,Allied Stars Ltd.
518,Dog Eat Dog Films
519,Triumph Films
520,Tapestry Films
521,Playhouse International Pictures
522,Brothers McMullen Productions
523,Party Productions
524,Populist Pictures
525,Farabi Cinema Foundation
526,A Band Apart
527,BBC Films
528,The Rank Organisation
529,Rysher Entertainment
530,Bazmark Films
531,Dimension Films
532,Astoria Films
533,Alliance Communications Corporation
534,Tim Burton Productions
535,Fiction
536,Clavius Base
537,Kopelson Entertainment
538,Digital Image Associates
539,Doug Liman Productions
540,Green Parrot
541,Fox 2000 Pictures
542,3 Arts Entertainment
543,NDF International
544,Addis Wechsler Pictures
545,The Kushner-Locke Company
546,1492 Pictures
547,Good Machine
548,Australian Film Finance Corporation (AFFC)
549,Universal City Studios
550,Scott Rudin Productions
551,Bad Bird Productions
552,Eleventh Street Production
553,MDP Worldwide
554,Pope Productions
555,Bruin Grip Services
556,Mundy Lane Entertainment
557,Motion Picture Corporation of America (MPCA)
558,Independent Pictures (II)
559,NFH Productions
560,Peters Entertainment
561,PVM Entertainment
562,Fox Searchlight Pictures
563,United Artists Pictures
564,October Films
565,.406 Production
566,Merchant Ivory Productions
567,Cappa Production
568,Longview Entertainment
569,Guild
570,Melampo Cinematografica
571,Golar Productions
572,Mandalay Entertainment
573,Brandywine Productions
574,Cinema Line Film Corporation
575,Blue Tulip Productions
576,Redwave Films
577,McFarlane Films
578,Samuelson Productions
579,Too Askew Prod. Inc.
580,Phoenix Pictures
581,Dreamworks Pictures
582,Q Productions
583,Kuzui Enterprises
584,Kanun parvaresh fekri
585,O Entertainment
586,DC Entertainment
587,De Fina-Cappa
588,High School Sweethearts
589,New Amsterdam Entertainment
590,Jasmine Productions Inc.
591,Papazian-Hirsch Entertainment International
592,China Film Co-Production Corporation
593,Butcher's Run Films
594,Clinica Estetico
595,David Kirschner Productions
596,Samson Productions Pty. Ltd.
597,Daybreak
598,Bandeira Entertainment
599,Agenda
600,Robert Simonds Productions
601,JLT Productions
602,Bates Entertainment
603,Ivory Way Productions
604,All Net Productions
605,Alliance Atlantis Communications
606,Sheinberg Productions
607,Amen Ra Films
608,Juno Pix
609,Fear and Loathing LLC
610,Pixar Animation Studios
611,DiNovi Pictures
612,American Empirical Pictures
613,Mystery Clock Cinema
614,Centropolis Film Productions
615,DreamWorks Animation
616,Forge
617,Nimbus Film Productions
618,FGM Entertainment
619,Midwinter Productions Inc.
620,Harvest Filmworks
621,Calimari Productions
622,Dollface
623,Intermedia Films
624,Cinépix Film Properties (CFP)
625,Atlas Entertainment
626,Next Wave Films
627,Sciarlò
628,Broadway Pictures
629,Zucker Brothers Productions
630,HSX Films
631,Lions Gate Films
632,Rhombus Media
633,Oriental Light and Magic (OLM)
634,Big Dog Films
635,Tomboy Films
636,Award Entertainment
637,British Broadcasting Corporation (BBC) Television
638,Hyperion Pictures
639,"Audiovisual Development Bureau, Ministerio da Cultura"
640,Polar Entertainment
641,Cruise/Wagner Productions
642,ShadowCatcher Entertainment
643,Harpo Films
644,Monarch Pictures
645,Shooting Gallery
646,DIC Entertainment
647,Enchanter Entertainment
648,Fade In Films
649,Knock Films A.V.V.
650,Blue Streak Films
651,Artisan Entertainment
652,Chinese Bookie Pictures
653,HK Film Corporation
654,FilmColony
655,Haxan Films
656,Ghoulardi Film Company
657,Franchise Pictures
658,MTV Films
659,Bona Fide Productions
660,Astralwerks
661,Jack Giarraputo Productions
662,Happy Madison Productions
663,Dark Castle Entertainment
664,Cheerleader LLC
665,Crossroads Films
666,Asymmetrical Productions
667,Pathé Pictures International
668,ETIC Films
669,Screen Gems
670,Azoff Entertainment
671,Mandeville Films
672,Village Roadshow Pictures
673,Mutual Film Company
674,Canal+ Droits Audiovisuels
675,David Brown Productions
676,Baldwin/Cohen Productions
677,Crystal Sky Worldwide
678,Dogstar Films
679,Jim Henson Pictures
680,Ambridge Film Partnership
681,Tribeca Productions
682,Baumgarten-Prophet Entertainment
683,3 Miles Apart Productions Ltd.
684,Spyglass Entertainment
685,Toho Pictures
686,4 Kids Entertainment
687,Destination Films
688,Arts Council of England
689,Medusa Film
690,Elysian Dreams
691,7 Arts International
692,Centurion
693,Craven-Maddalena Films
694,Bigel / Mailer Films
695,Alcon Entertainment
696,Play It Inc.
697,Cradle Productions Inc.
698,Flying Heart Films
699,Newmarket Capital Group
700,Cherry Alley Productions
701,Evenstar Films
702,Marked Entertainment
703,Am Psycho Productions
704,Clipsal Films
705,Figment Films
706,Jerry Bruckheimer Films
707,Aardman Animations
708,Compulsion Inc.
709,Asia Union Film & Entertainment Ltd.
710,Copperheart Entertainment
711,Altavista Films
712,Zentropa Entertainments
713,Lakeshore Entertainment
714,Bel Air Entertainment
715,Revelations Entertainment
716,Avery Pix
717,Avrora Media
718,Cruella Productions
719,MFF Feature Film Productions
720,Lewitt / Eberts Productions
721,Code Entertainment
722,Seven Arts Pictures
723,Hart Sharp Entertainment
724,Chester Films Inc.
725,Hammerhead Productions
726,Branti Film Productions
727,Open City Films
728,Artic Productions LLC
729,Légende Films
730,Saturn Films
731,Gullane Pictures
732,Haft Entertainment
733,Punch 21 Productions
734,Brant-Allen
735,Cloud Ten Pictures
736,New Oz Productions
737,Portman Entertainment Group
738,double A Films
739,Myung Film Company Ltd.
740,Cinerenta Medienbeteiligungs KG
741,FX Sound
742,Banner Entertainment
743,Green/Renzi
744,NPV Entertainment
745,Animal Productions LLC
746,Three Rivers Production
747,Disney Television Animation
748,Brillstein-Grey Entertainment
749,7 Films Cinéma
750,Prufrock Pictures
751,Saban Entertainment
752,Les Films Alain Sarde
753,Tokuma Shoten
754,Pandora Cinema
755,Revolution Studios
756,Claudie Ossard Productions
757,Apostle
758,Eureka Pictures
759,USA Films
760,Hollywood Licensing Group
761,LivePlanet
762,Cort/Madden Productions
763,Bungalow Productions
764,Metropolitan Filmexport
765,Killer Films
766,IMF Internationale Medien und Film GmbH & Co. 2. Produktions KG
767,Konrad Pictures
768,Winkler Films
769,El Deseo
770,Star Overseas
771,Chris Lee Productions
772,Fuller Films
773,Dharma Productions
774,FilmFour
775,Chickie the Cop
776,Lost Soul Productions
777,i5 Films
778,Alter Ego Entertainment
779,Greisman Productions
780,Bandai Visual Company
781,Blow Up Pictures
782,3Mark Entertainment
783,Ecosse Films
784,R.P. Productions
785,DNA Films
786,Slough Pond
787,Beverly Detroit
788,Gold Circle Films
789,EuropaCorp
790,Myriad Pictures
791,Handprint Entertainment
792,Edko Films
793,Quinta Communications
794,Tonic Films
795,Fuzzy Bunny Films (I)
796,25th Hour Productions
797,Media Asia Films
798,Kingsgate Films
799,Flan de Coco Films
800,Muse Productions
801,CJ Entertainment
802,Cherry Sky Films
803,98 MPH Productions
804,Cheyenne Enterprises
805,2 Loop Films
806,Blue Train Productions
807,FTM Productions
808,First Light Production
809,Focus Features
810,Silver Sphere Corporation
811,Focus Puller Inc.
812,Pioneer LDC
813,South Pacific Pictures
814,Rumbalara Films
815,Alphaville Films
816,Blockbuster Films
817,United Artists Film Corporation
818,Odeon Films
819,"Morra, Brezner, Steinberg and Tenenbaum Entertainment (MBST)"
820,Epsilon Motion Pictures
821,ApolloMedia Distribution
822,Castelao Producciones
823,Material
824,CineWild
825,HBO Films
826,Show East
827,Summit Entertainment
828,C-2 Pictures
829,Media 8 Entertainment
830,Marvel Enterprises
831,Wiseau-Films
832,Spectacle Entertainment Group
833,Lynda Obst Productions
834,Angry Films
835,Casual Friday Productions
836,Plunge Pictures LLC
837,Archer Street Productions
838,Gray Daisy Films
839,This Is That Productions
840,Boll Kino Beteiligungs GmbH & Co. KG
841,"""DIA"" Productions GmbH & Co. KG"
842,SenArt Films
843,900 Films
844,ContentFilm
845,Les Armateurs
846,Emperor Multimedia Group (EMG)
847,Mepris Films
848,World of Wonder Productions
849,Funny Boy Films
850,Mandalay Pictures
851,19 Entertainment
852,Icon Productions
853,Cobalt Media Group
854,Klasky-Csupo
855,Eikon Film
856,Go Films
857,Sony Pictures Classics
858,Evolution Entertainment
859,Forward Pass
860,Buena Vista Home Entertainment
861,BenderSpink
862,Bob Yari Productions
863,Strike Entertainment
864,Filmax Group
865,Endgame Entertainment
866,Warner Independent Pictures (WIP)
867,ERBP
868,Columbia Pictures Film Production Asia
869,Camelot Pictures
870,Rogue Pictures
871,Jet Tone Production
872,Grand Slam Productions
873,Pop Pop Productions
874,2003 Productions
875,Whitewater Films
876,Broken Lizard Industries
877,Canal+ España
878,Kim Ki-Duk Film
879,Working Title Films
880,Nine Yards Two Productions
881,Bazelevs Production
882,Movision
883,Eulogy Productions LLC
884,Shangri-La Entertainment
885,Yash Raj Films
886,Deep River Productions
887,True West Films
888,Kang Je-Kyu Film Co. Ltd.
889,Big Red Dog Productions
890,Eden Rock Media
891,Next Entertainment
892,Rent Productions LLC
893,Twentieth Century Fox Animation
894,Twisted Pictures
895,Coach Carter
896,Entertainment Manufacturing Company
897,Andrea Sperling Productions
898,Bergman Lustig Productions
899,John Wells Productions
900,The Family Stone
901,Samuel Goldwyn Films
902,BET Pictures
903,Room 9 Entertainment
904,Di Bonaventura Pictures
905,Fairway Films
906,Cent Productions Inc.
907,The Weinstein Company
908,Milkshake Films
909,UK Film Council
910,OLC / Rights Entertainment
911,Crunk Pictures
912,Stratus Film Co.
913,Serendipity Point Films
914,IFC Productions
915,AITD Productions
916,Allan Zeman Productions
917,Tag Entertainment
918,IFC Films
919,Belladonna Productions
920,Crescent Drive Pictures
921,El Camino Pictures
922,Vanguard Films and Animation
923,Prime Film Productions LLC
924,Junebug Movie
925,Bulbul Films
926,Estudios Picasso
927,Wiedemann & Berg Filmproduktion
928,DreamWorks
929,Red Hour Films
930,Fu Works
931,Everyman Pictures
932,Bull's Eye Entertainment
933,Googly Films
934,Paramount Classics
935,Lionsgate
936,THINKFilm
937,Fox Atomic
938,Victoires International
939,ArieScope Pictures
940,WIP
941,Out of the Blue... Entertainment
942,Film Partner International
943,Electric Entertainment
944,Yari Film Group Releasing
945,No Matter Pictures
946,World Wrestling Entertainment (WWE)
947,Last Holiday Productions
948,Sweet Tea Pictures LLC
949,Hunting Lane Films
950,C.O.R.E. Feature Animation
951,Pressman Film
952,DEJ Productions
953,Bold Films
954,Millennium Films
955,Arc Productions
956,Film Science
957,Hoot Productions LLC
958,Paramount Vantage
959,Walden Media
960,Celluloid Dreams
961,Karbo Vantas Entertainment
962,Samuels Media
963,Haishang Films
964,Solana Films
965,Capitol Films
966,Apatow Productions
967,Young Hannibal Productions
968,Sidney Kimmel Entertainment
969,Carsey-Werner Company
970,Bórd Scannán na hÉireann
971,Groundswell Productions
972,Night and Day Pictures
973,4Kids Entertainment
974,Relativity Media
975,Avi Arad & Associates
976,HanWay Films
977,Zazen Produções
978,Block 2 Pictures
979,P2 Productions
980,HDNet Films
981,Ascendant Pictures
982,2.4.7. Films
983,360 Pictures
984,Mandate Pictures
985,Captivity Productions
986,Artfire Films
987,CTB Film Company
988,2929 Productions
989,Anonymous Content
990,Rainforest Films
991,Deerjen Films
992,Intermedia
993,Blue Askew
994,FortyFour Studios
995,Celador Films
996,Matten Productions
997,Voltage Pictures
998,Wild Bunch
999,EFTI
1000,Casey Silver Productions
1001,Vertigo Films
1002,Studio Ghibli
1003,Mosaic
1004,Abandon Entertainment
1005,Shocking Bottle
1006,Blue Sky Studios
1007,Picturehouse
1008,Goodspeed Productions
1009,Overture Films
1010,Number 9 Films
1011,Lucasfilm Animation
1012,Broadway Video
1013,Playtone
1014,Pelican Productions LLC (I)
1015,Babylon
1016,Barunson E&A
1017,Rifkin-Eberts
1018,Senator Entertainment Co
1019,Field Guide Films
1020,Filmax International
1021,Vivendi Entertainment
1022,Yari Film Group (YFG)
1023,LightWave Entertainment
1024,Ponty Up Pictures
1025,Bridgit Folman Film Gang
1026,Big City Pictures
1027,Occupant Entertainment
1028,Cohen Media Group
1029,Berk/Lane Entertainment
1030,Lago Film
1031,Temple Hill Entertainment
1032,The Halcyon Company
1033,G-BASE
1034,Pan Européenne
1035,Fidélité Films
1036,Tornasol Films
1037,Wayfare Entertainment
1038,Yellow Bird
1039,House Row Productions
1040,Infinity Features Entertainment
1041,Rogue
1042,Ternion Pictures
1043,LD Entertainment
1044,Fade to Black Productions
1045,Mod Producciones
1046,Echo Lake Entertainment
1047,GK Films
1048,Why Not Productions
1049,Curmudgeon Films
1050,Lleju Productions
1051,Magnolia Pictures
1052,Jon Shestack Productions
1053,X-Filme Creative Pool
1054,Stage 6 Films
1055,It's a Laugh Productions
1056,Blank of the Dead Productions
1057,MPI Media Group
1058,Imagi Animation Studios
1059,26 Films
1060,De Line Pictures
1061,Pathé Renn Productions
1062,Marv Films
1063,CineSon Entertainment
1064,Haut et Court
1065,Euforia Film
1066,Oscilloscope
1067,Autonomous Films
1068,CinemaNX
1069,Hyde Park Entertainment
1070,Universal Pictures International (UPI)
1071,Bronco Productions
1072,Bill Kenwright Films
1073,Two Prong Lesson
1074,Filmax
1075,Protagonist Pictures
1076,FilmDistrict
1077,micro_scope
1078,Incentive Filmed Entertainment
1079,Josephson Entertainment
1080,Closest to the Hole Productions
1081,Overnight Films
1082,Color Force
1083,Audiovisual Aval SGR
1084,Bad Robot
1085,Exclusive Films
1086,CBS Films
1087,River Road Entertainment
1088,Realitism Films
1089,Sedic International
1090,Magic Light Pictures
1091,Olympus Pictures
1092,Omega Entertainment
1093,Dune Entertainment III
1094,Hero Entertainment
1095,Glass Eye Pix
1096,Herrick Entertainment
1097,Mediapro
1098,The American Film Company
1099,Company Films
1100,The Last Picture Company
1101,Stacey Testro International
1102,Aramid Entertainment Fund
1103,Annapurna Productions
1104,Hydraulx
1105,Carousel Productions (II)
1106,Asghar Farhadi Productions
1107,Cottonwood Pictures
1108,Anchor Bay Films
1109,Pt. Merantau Films
1110,Before The Door Pictures
1111,Snoot Entertainment
1112,Blueprint Pictures
1113,Open Road Films (II)
1114,Omnilab Media
1115,Cliffjack Motion Pictures
1116,Enticing Entertainment
1117,Studio 37
1118,Carver Films
1119,SBS Productions
1120,Reprisal Films
1121,Corsan
1122,Artists Public Domain
1123,Mandalay Vision
1124,Elle Driver
1125,Preferred Content
1126,Skyscraper Films
1127,Semtex Films
1128,Big Beach Films
1129,NVSH Productions
1130,DJ Films
1131,Ada Films
1132,Beijing New Picture Film
1133,Atlas Productions
1134,Eros Worldwide
1135,Marvel Studios
1136,Brownstone Productions (II)
1137,Danmarks Radio (DR)
1138,Indian Paintbrush
1139,Mediaset España
1140,Cloud Atlas Productions
1141,Roth Films
1142,Plan B Entertainment
1143,Overbrook Entertainment
1144,Iron Horse Entertainment (II)
1145,Abraham Productions
1146,Total Recall
1147,Green Hat Films
1148,Constantin Film International
1149,Exclusive Media Group
1150,Bleiberg Entertainment
1151,La Petite Reine
1152,Bad Cop Bad Cop Film Productions
1153,MK2 Productions
1154,IM Global
1155,Double Feature Films
1156,Milk & Media
1157,Enderby Entertainment
1158,Alliance
1159,Ghost House Pictures
1160,Atlantic Pictures (II)
1161,Block / Hanson
1162,Les Films du Losange
1163,Arcade Pictures
1164,Alfama Films
1165,Also Known As Pictures
1166,Foresight Unlimited
1167,Cinereach
1168,Gary Sanchez Productions
1169,Emmett/Furla/Oasis Films (EFO Films)
1170,Intrepid Pictures
1171,BCDF Pictures
1172,Headline Pictures
1173,Eclectic Pictures
1174,Upside Down Films
1175,Monsterfoot Productions
1176,Chase Films
1177,Aamir Khan Productions
1178,Lucky Monkey Pictures
1179,Blue Yonder Films
1180,AdScott Pictures
1181,Red Crown Productions
1182,Insurge Pictures
1183,Cocktail Film
1184,Dog Run Pictures
1185,Red Granite Pictures
1186,Translux
1187,Film4
1188,Annapurna Pictures
1189,SnowPiercer
1190,Worldview Entertainment
1191,Aggregate Films
1192,Truth Entertainment (II)
1193,Sycamore Pictures
1194,Film 44
1195,Good Universe
1196,Appian Way
1197,Bellanova Films
1198,Riddick Canada Productions
1199,Bluegrass Films
1200,AR Films
1201,Gravier Productions
1202,Faliro House Productions
1203,Chockstone Pictures
1204,No Trace Camping
1205,Follow Through Productions
1206,Space Rocket Nation
1207,Trésor Films
1208,Andrew Lauren Productions
1209,Steel Mill Pictures
1210,Max Films Productions
1211,Abbolita Productions
1212,Callahan Filmworks
1213,Prana Studios
1214,The Lab of Madness
1215,Alliance Films
1216,Pathé
1217,Roadside Attractions
1218,The Safran Company
1219,Two Ton Films
1220,Forest Whitaker's Significant Productions
1221,Dickhouse Productions
1222,Prettybird
1223,Open Road Films
1224,erbp
1225,Memento Films Production
1226,China Film Group Corporation (CFGC)
1227,Dune Entertainment
1228,Sikhya Entertainment
1229,After Dark Films
1230,Marvel Entertainment
1231,A24
1232,Aldamisa Entertainment
1233,Unison Films
1234,Black Bear Pictures
1235,Screen Australia
1236,Northern Lights Films
1237,Gulfstream Pictures
1238,Marcy Media
1239,Tonik Productions
1240,Jolie Pas
1241,BBL Motion Picture Studios
1242,SModcast Pictures
1243,Legendary Entertainment
1244,Big Screen Productions
1245,Kramer & Sigman Films
1246,Bob Industries
1247,Chernin Entertainment
1248,Fewlas Entertainment
1249,1984 Private Defense Contractors
1250,Beijing Skywheel Entertainment Co.
1251,21 Laps Entertainment
1252,Broken Road Productions
1253,Reel FX Creative Studios
1254,Verisimilitude
1255,Scott Free Productions
1256,Treehouse Pictures
1257,Genre Films
1258,Cross Creek Pictures
1259,Automatik Entertainment
1260,Black Entertainment Television (BET)
1261,Prospero Pictures
1262,Lutzus-Brown
1263,Codeblack Entertainment
1264,Fear of God Films
1265,Warner Bros. Digital Distribution
1266,RADiUS-TWC
1267,Four Seasons Partnership
1268,ASIG Productions
1269,Baby Way Productions
1270,Cinelou Films
1271,Hopscotch Features
1272,Gail Katz Productions
1273,Stoney Lake Entertainment
1274,Pure Flix Productions
1275,Bullwinkle Studios
1276,RatPac-Dune Entertainment
1277,Wildgaze Films
1278,Porchlight Films
1279,WhiteFlame Productions
1280,Rook Films
1281,Ruby Films
1282,IAC Films
1283,LStar Capital
1284,Disneytoon Studios
1285,Broad Green Pictures
1286,BlackWhite
1287,Double Dare You (DDY)
1288,Visiona Romantica
1289,Parts and Labor
1290,Element Pictures
1291,Participant
1292,PalmStar Media
1293,Allison Shearmur Productions
1294,B24
1295,Duplass Brothers Productions
1296,Waverly Films
1297,Blinding Edge Pictures
1298,BRON Studios
1299,Illumination Entertainment
1300,Escape Artists
1301,Gotham Group
1302,Blumhouse Productions
1303,Black Label Media
1304,See-Saw Films
1305,Amasia Entertainment
1306,Bleecker Street Films
1307,Sony Pictures Animation
1308,Arka Mediaworks
1309,Little Stranger
1310,Paramount Animation
1311,Caviar
1312,Sony Pictures Entertainment (SPE)
1313,Route One Entertainment
1314,Entertainment One
1315,Origin Pictures
1316,Hurwitz Creative
1317,Raindog Films
1318,Depth of Field
1319,MWM Studios
1320,Silver Reel
1321,Freedom Media
1322,i am OTHER
1323,Astute Films
1324,Mayhem Pictures
1325,Covert Media
1326,Bloom
1327,Onyx Films
1328,Motlys
1329,Audax Films
1330,Allspark Pictures
1331,BN Films
1332,Fortis Films
1333,Big Indie Pictures
1334,FaithStep Films
1335,Sparkle Roll Media
1336,Lava Bear Films
1337,Electric City Entertainment
1338,Dentsu
1339,Heyday Films
1340,Amazon Studios
1341,BZ Entertainment
1342,SharpSword Films
1343,Pyramania
1344,Fairview Entertainment
1345,Keep Your Head
1346,Hidden Empire Film Group (HEFG)
1347,Human Stew Factory
1348,Flashlight Films
1349,Burk A Project
1350,George Films
1351,Gracie Films
1352,K5 International
1353,Astrakan Films
1354,Legendary East
1355,STX Entertainment
1356,Blue Sky Films
1357,Greater Productions
1358,Panorama Films
1359,Toy Fight Productions
1360,Artists First
1361,Quad Productions
1362,2DUX²
1363,AI-Film
1364,Fermion Films
1365,Bona Film Group
1366,CG Cinéma
1367,Verdi Productions
1368,Fuego Films
1369,Summit Premiere
1370,Forecast Pictures
1371,Black Bicycle Entertainment
1372,Syncopy
1373,Braven Films
1374,Acacia Filmed Entertainment
1375,Fingerprint Releasing
1376,Elara Pictures
1377,"Grisbi Productions, Le"
1378,Brownstone Entertainment (II)
1379,Cre Film
1380,Dayday Films
1381,1978 Films
1382,Paulilu Productions
1383,Primate Pictures
1384,Animal Logic
1385,B Story
1386,thefyzz
1387,Alloy Entertainment
1388,Sailor Bear
1389,Imperative Entertainment
1390,Animal Kingdom
1391,Awesomeness Films
1392,Perfect World Pictures
1393,Los Angeles Media Fund (LAMF)
1394,Artbees
1395,Houston King Productions
1396,Cloud Eight Films
1397,Double Nickel Entertainment
1398,Macari/Edelstein
1399,Scion Films
1400,Pantelion Films
1401,Disruption Entertainment
1402,3311 Productions
1403,Salon Pictures
1404,Diagonal TV
1405,Huayi Brothers Media
1406,Chestnut Ridge Productions
1407,Avi Arad Productions
1408,LBI Productions
1409,Boies / Schiller Film Group
1410,Vendian Entertainment
1411,STX Films
1412,Warner Bros. Pictures
1413,Cave 76
1414,Frenesy Film Company
1415,SpectreVision
1416,Atomic Monster
1417,Access Entertainment
1418,Goddard Textiles
1419,Hunter Killer Productions
1420,Mooz Films
1421,Huayi Brothers
1422,Lucamar Productions
1423,Hasbro
1424,Goalpost Pictures
1425,Media Rights Capital (MRC)
1426,FilmNation Entertainment
1427,Point Grey Pictures
1428,Aviron Pictures
1429,Likely Story
1430,Huayi Brothers Pictures
1431,The Ink Factory
1432,Apartment Story
1433,Studio 8
1434,Armory Films
1435,Legend3D
1436,Matchbox Pictures
1437,ShivHans Pictures
1438,Archer Gray
1439,Alibaba Pictures
1440,Hartbeat Productions
1441,Warner Animation Group
1442,Votiv Films
1443,Lyla Films
1444,Kevin Downes Productions
1445,Toei Company
1446,BET Films
1447,Decibel Films
1448,Chris Morgan Productions
1449,CalMaple
1450,TSG Entertainment
1451,Monkeypaw Productions
1452,Skydance Media
1453,Paramount Players
1454,Buena Vista International
1455,2.0 Entertainment
1456,Millennium Media
1457,Blue Budgie Films Limited
1458,Entertainment Studios Motion Pictures
1459,"""Weathering With You"" Film Partners"
1460,Mimran Schur Pictures
1461,Iconoclast
1462,GoldDay
1463,Canana Films
1464,Aurora Alliance Films
1465,Beijing Dengfeng International Culture Communications Company
1466,Big Talk Productions
1467,Affirm Films
1468,The Tyler Perry Company
1469,Atlantic Records
1470,Unplanned Movie
1471,Emphatic Films
1472,Hicktown Entertainment
1473,Clubhouse Pictures (II)
1474,20th Century Studios
1475,Beijing Diqi Yinxiang Entertainment
