1,Jack Nicholson
2,Brooke Shields
3,Mark Hamill
4,Robert Hays
5,Chevy Chase
6,Betsy Palmer
7,John Belushi
8,Robert De Niro
9,Gene Hackman
10,David Carradine
11,Clint Eastwood
12,N!xau
13,Robin Williams
14,Donald Sutherland
15,Michael Caine
16,Christopher Reeve
17,Jane Fonda
18,Adrienne Barbeau
19,Al Pacino
20,Kris Kristofferson
21,Kirk Douglas
22,Olivia Newton-John
23,Robert Redford
24,Richard Gere
25,Scott Glenn
26,Goldie Hawn
27,Tony Danza
28,Rory Calhoun
29,Peter O'Toole
30,Don Adams
31,Woody Allen
32,Paul Le Mat
33,Paul Newman
34,Chuck Norris
35,Elliott Gould
36,Michael Ontkean
37,Paul Michael Glaser
38,Harrison Ford
39,David Naughton
40,Kurt Russell
41,Bruce Campbell
42,Dan Monahan
43,John Travolta
44,Laurence Olivier
45,Nigel Terry
46,Mel Gibson
47,Bill Murray
48,Burt Reynolds
49,James Caan
50,Sean Connery
51,Roger Moore
52,Jamie Lee Curtis
53,George C. Scott
54,Warren Beatty
55,Mickey Rooney
56,Ben Cross
57,Bo Derek
58,Dudley Moore
59,Mel Brooks
60,Dee Wallace
61,Peter MacNicol
62,Jeff Bridges
63,Everett McGill
64,Sam Neill
65,Faye Dunaway
66,Sylvia Kristel
67,Maren Jensen
68,William Hurt
69,Julie Andrews
70,Catriona MacColl
71,Frederic Forrest
72,Sylvester Stallone
73,Albert Finney
74,Treat Williams
75,Lauren Tewes
76,George Segal
77,Steve Martin
78,Klinton Spilsbury
79,Lesley-Anne Down
80,Daniel Valdez
81,Jack Lemmon
82,Richard Pryor
83,Andy Kaufman
84,Richard Dreyfuss
85,Robert Duvall
86,David Rasche
87,Harry Hamlin
88,Sean Penn
89,Arnold Schwarzenegger
90,Henry Thomas
91,Michelle Pfeiffer
92,Aileen Quinn
93,JoBeth Williams
94,Nick Nolte
95,William Shatner
96,Meryl Streep
97,Ben Kingsley
98,Dustin Hoffman
99,Elizabeth Hartman
100,Marc Singer
101,Hal Holbrook
102,Bob Geldof
103,Nastassja Kinski
104,Bertil Guve
105,Dana Kimmell
106,Tom Atkins
107,Jim Henson
108,Christopher George
109,Steve Guttenberg
110,Barbara Hershey
111,Kate McNeil
112,Peter Ustinov
113,Charles Bronson
114,Barry Bostwick
115,Mariel Hemingway
116,James Olson
117,John Cassavetes
118,Roy Scheider
119,Robert Glaudini
120,Cher
121,Lewis Collins
122,Peter Sellers
123,Jon Voight
124,Willie Nelson
125,Ken Wahl
126,Mark Blankfield
127,John Hurt
128,Toni Attell
129,Bette Midler
130,Ryan O'Neal
131,Luciano Pavarotti
132,C. Thomas Howell
133,Tom Cruise
134,Eddie Murphy
135,Tom Berenger
136,Dennis Quaid
137,Keith Gordon
138,Jennifer Beals
139,Matthew Broderick
140,Sam Shepard
141,Ken Marshall
142,Christopher Walken
143,Phoebe Cates
144,Nicolas Cage
145,Matt Dillon
146,James Woods
147,Shirley MacLaine
148,Dan Aykroyd
149,Peter Billingsley
150,Anthony Perkins
151,Barbra Streisand
152,Randy Norton
153,Graham Chapman
154,John Cleese
155,Rick Hill
156,Jason Robards
157,Peter Keleghan
158,Cliff Gorman
159,Mary Beth McDonough
160,Linda Blair
161,Peter Strauss
162,Tom Selleck
163,Don Francks
164,Lou Ferrigno
165,Tony Roberts
166,Rutger Hauer
167,Shô Kosugi
168,Peter Weller
169,David Niven
170,Max Gail
171,Walter Matthau
172,Pia Zadora
173,Cristina Raines
174,Rosanna Arquette
175,Malcolm McDowell
176,Tommy Lee Jones
177,Martin Yost
178,Linda Griffiths
179,Robby Benson
180,Margot Kidder
181,Everett Silas
182,Kyle MacLachlan
183,Ralph Macchio
184,Craig Wasson
185,Heather Langenkamp
186,F. Murray Abraham
187,Patrick Swayze
188,Noah Hathaway
189,Kevin Bacon
190,Robert Carradine
191,Zach Galligan
192,Michael Douglas
193,Michael Paré
194,Molly Ringwald
195,Rob Reiner
196,Val Kilmer
197,Peter Horton
198,Lance Guest
199,Tom Hanks
200,John Getz
201,Erich Anderson
202,Rachel Ward
203,Helen Slater
204,Drew Barrymore
205,John Heard
206,Gene Wilder
207,Harry Dean Stanton
208,Sam Waterston
209,Catherine Mary Stewart
210,John Lurie
211,Robert Urich
212,Judy Davis
213,Prince
214,Rob Lowe
215,Tanya Roberts
216,Christopher Lambert
217,Matthew Modine
218,Sarah Patterson
219,Lilyan Chauvin
220,Eric Roberts
221,Rae Dawn Chong
222,Teri Garr
223,Howard E. Rollins Jr.
224,Tab Hunter
225,Steven Bauer
226,Joe Morton
227,Geneviève Bujold
228,Tim Matheson
229,Diane Keaton
230,Paul McCartney
231,Michael O'Keefe
232,Debra Winger
233,Brooke Adams
234,Anthony Michael Hall
235,Sean Astin
236,Michael J. Fox
237,William Petersen
238,Eileen Brennan
239,Emilio Estevez
240,Don Ameche
241,Clu Gulager
242,Demi Moore
243,Jonathan Pryce
244,Danny Glover
245,Kevin Kline
246,Tatsuya Nakadai
247,Maggie Smith
248,Chris Sarandon
249,Ethan Hawke
250,Griffin Dunne
251,Robert Englund
252,Steve Railsback
253,Paul Reubens
254,Lori Cardille
255,William Katt
256,Grant Bardsley
257,Melanie Kinnaman
258,Jeffrey Combs
259,Taimak
260,Lauren Hutton
261,Jeff Goldblum
262,John Cusack
263,Mikhail Baryshnikov
264,Gary Busey
265,Nicholas Rowe
266,Mickey Rourke
267,Bruno Lawrence
268,Ken Ogata
269,Sally Field
270,Kevin Costner
271,Richard Chamberlain
272,Michael Dudikoff
273,Timothy Hutton
274,Helen Shaver
275,Mia Farrow
276,Louise Lasser
277,Sting
278,Raymond Burr
279,Jackie Chan
280,Sheila E.
281,John Erwin
282,Joe Colligan
283,Georgia Engel
284,Daniel Jenkins
285,Mario Van Peebles
286,Sigourney Weaver
287,Wil Wheaton
288,Paul Hogan
289,David Bowie
290,Charlie Sheen
291,Isabella Rossellini
292,Lea Thompson
293,Rick Moranis
294,Crispin Glover
295,Ally Sheedy
296,Joey Cramer
297,Kathleen Turner
298,Corey Haim
299,Thom Mathews
300,Rodney Dangerfield
301,Dennis Hopper
302,Gary Oldman
303,Michael Rooker
304,Jason Lively
305,Kate Capshaw
306,Vincent Price
307,Orson Welles
308,Michael Moriarty
309,Jeff Daniels
310,Daryl Hannah
311,Tracy Camilla Johns
312,Tom Waits
313,Karen Black
314,Deborah Foreman
315,Helena Bonham Carter
316,John Candy
317,Bryan Brown
318,Brian Kerwin
319,Danny DeVito
320,Richard Jordan
321,John Lithgow
322,Michael Keaton
323,Stephen Lang
324,Chris Makepeace
325,Burt Lancaster
326,Todd Allen
327,Blythe Danner
328,Sissy Spacek
329,Judd Nelson
330,Scott McGinnis
331,Mike Norris
332,Victor Love
333,Cary Elwes
334,Elisabeth Shue
335,Adrian Pasdar
336,Andrew McCarthy
337,Dolph Lundgren
338,Christian Bale
339,Lorraine Gary
340,Timothy Dalton
341,Lou Diamond Phillips
342,Andre Gower
343,Donald Pleasence
344,George Kennedy
345,Hume Cronyn
346,Jason Bateman
347,Jim Varney
348,Kim Basinger
349,Anthony Newley
350,Casey Siemaszko
351,David Paul
352,Martin Sheen
353,Denzel Washington
354,Madonna
355,Chris Cooper
356,Jon Cryer
357,Michael E. Knight
358,Lane Smith
359,Kelly McGillis
360,Jim Belushi
361,Tom Hulce
362,Michael Biehn
363,Deborah Winters
364,Bill Cosby
365,Sarah Miles
366,Robert Townsend
367,Sy Richardson
368,Jodie Foster
369,Julie Walters
370,Patrick Dempsey
371,Elaine Stritch
372,Eric Stoltz
373,Eddie Deezen
374,Bruce Willis
375,Alec Baldwin
376,River Phoenix
377,Roddy Piper
378,Winona Ryder
379,Bob Hoskins
380,Annabeth Gish
381,Philippe Noiret
382,Catherine Hicks
383,Leslie Nielsen
384,Hitoshi Takagi
385,Melanie Griffith
386,Jean-Claude Van Damme
387,Willem Dafoe
388,Pat Hingle
389,Glenn Close
390,Geena Davis
391,Sonny Bono
392,Jeremy Irons
393,Daniel Day-Lewis
394,Shawnee Smith
395,Joey Lawrence
396,John Neville
397,Cassandra Peterson
398,Christine Ebersole
399,Steven Seagal
400,Keenen Ivory Wayans
401,Lance Henriksen
402,Terry Kiser
403,Doug Bradley
404,Amanda Donohoe
405,James Karen
406,Tami Erin
407,Carmen Maura
408,Cathy Podewell
409,Heather O'Rourke
410,William Ragsdale
411,Jackie Mason
412,Laurence Fishburne
413,Fisher Stevens
414,Bill Pullman
415,Jason Beghe
416,James Le Gros
417,Carl Weathers
418,Sidney Poitier
419,George Dzundza
420,Lukas Haas
421,Anthony Edwards
422,Scott Grimes
423,Eric Bogosian
424,Rubén Blades
425,Forest Whitaker
426,Cyndi Lauper
427,Robert Downey Jr.
428,Billy Crystal
429,Jennifer Rubin
430,Gena Rowlands
431,Cliff De Young
432,Amy Irving
433,Jessica Lange
434,David Keith
435,Joanna Pacula
436,Tim Daly
437,Alan Boyce
438,Theresa Russell
439,Hart Bochner
440,Keanu Reeves
441,Jodi Benson
442,Ed Harris
443,Danny Aiello
444,James Spader
445,Dale Midkiff
446,Julian Sands
447,Fred Savage
448,'Weird Al' Yankovic
449,Dom DeLuise
450,Nicole Kidman
451,Shelley Long
452,Morgan Freeman
453,Greg Evigan
454,John Ritter
455,Kenneth Branagh
456,Jensen Daggett
457,Colin Firth
458,Michael Murphy
459,Masatoshi Nagase
460,Sammi Davis
461,Christian Slater
462,Martin Landau
463,Cybill Shepherd
464,Gabriel Damon
465,Ted Danson
466,Dick Durock
467,Bubba Smith
468,Gary Graham
469,Hulk Hogan
470,Terry O'Quinn
471,Randy Quaid
472,Peter Boyle
473,Stephen Caffrey
474,Ron Fazio
475,Don Johnson
476,Kiefer Sutherland
477,Lorraine Bracco
478,Jillian McWhirter
479,Emily Lloyd
480,Ron Silver
481,Keith Coogan
482,Cheech Marin
483,Josef Sommer
484,Macaulay Culkin
485,Judith Hoag
486,Johnny Depp
487,Tim Robbins
488,Liam Neeson
489,Gabriel Byrne
490,Alex Vincent
491,Richard Linklater
492,Craig Sheffer
493,Michael Oliver
494,Bob Newhart
495,Christopher Reid
496,Tony Todd
497,Jonathan Brandis
498,Kate Hodge
499,James Lorinz
500,Andrew Dice Clay
501,Keely Christian
502,Akira Terao
503,Bradley Gregg
504,Dylan McDermott
505,Marlon Brando
506,David Andrews
507,Debbie Harry
508,Gérard Depardieu
509,Carolyn Farina
510,Aidan Quinn
511,Patrick Bergin
512,Adrienne Shelly
513,Douglas Barr
514,Ed Begley Jr.
515,Dabney Coleman
516,Louis Tripp
517,Brian Dennehy
518,Kirstie Alley
519,Cuba Gooding Jr.
520,Anjelica Huston
521,Susan Sarandon
522,Paige O'Hara
523,Kathy Bates
524,Billy Campbell
525,Anna Chlumsky
526,Julia Roberts
527,Brian Krause
528,John Turturro
529,Paige Turco
530,Robert Arkins
531,Wesley Snipes
532,Brandon Quintin Adams
533,Justin Whalin
534,Juliette Binoche
535,Brian Bosworth
536,Jason Patric
537,David Morse
538,Kristy Swanson
539,Glen Campbell
540,Scott Bakula
541,Vanilla Ice
542,Ellen Barkin
543,Ed O'Neill
544,Bobcat Goldthwait
545,Brad Pitt
546,Edith Meeks
547,John Goodman
548,Jeff Speakman
549,Claire Bloom
550,Laura Dern
551,Martin Short
552,Gregory Hines
553,Joe Pesci
554,Cindy Williams
555,Jeff Fahey
556,Vincent Spano
557,Kevin Anderson
558,Madeleine Stowe
559,Peter Berg
560,Harvey Keitel
561,Virginia Madsen
562,Scott Weinger
563,Whoopi Goldberg
564,Bridget Fonda
565,Mike Myers
566,Sheryl Lee
567,Annabella Sciorra
568,Timothy Balme
569,Edward James Olmos
570,Carlos Gallardo
571,Hugh Grant
572,Edward Furlong
573,Samantha Mathis
574,Brendan Fraser
575,Omar Epps
576,Victor Wong
577,Terry Farrell
578,Terence Knox
579,Tilda Swinton
580,James Marshall
581,Richard Kind
582,George Strait
583,Stephen Dorff
584,Anne Parillaud
585,Andy Garcia
586,Hugh Laurie
587,Marco Leonardi
588,Damon Wayans
589,Bill Paxton
590,Brandon Lee
591,Glenn Plummer
592,Dermot Mulroney
593,Mary McDonnell
594,Ray Liotta
595,Armand Assante
596,Mike Dytri
597,Robert John Burke
598,Andie MacDowell
599,Penelope Ann Miller
600,Jason London
601,Holly Hunter
602,Danny Elfman
603,Thomas Ian Nicholas
604,Damian Chapa
605,Tyrin Turner
606,Kate Maberly
607,Jason James Richter
608,Anthony Hopkins
609,D.B. Sweeney
610,Sharon Stone
611,Warwick Davis
612,Angela Bassett
613,Joe Mantegna
614,Diedrich Bader
615,Charles Grodin
616,Federico Luppi
617,Elias Koteas
618,Gabrielle Anwar
619,Shane McDermott
620,Jason Scott Lee
621,Janet Jackson
622,Tamlyn Tomita
623,Kevin Conroy
624,Ashley Judd
625,Will Smith
626,Leslie Cheung
627,Jesse Bradford
628,Karen Allen
629,Elijah Wood
630,Mark Dacascos
631,Chris Rock
632,Jason Priestley
633,Hiep Thi Le
634,Alan Arkin
635,Michael Crawford
636,Uma Thurman
637,Andrew Lowery
638,Rongguang Yu
639,Otto Sander
640,Rebecca De Mornay
641,Winston Chao
642,Paul Gross
643,Diane Ladd
644,Roberto Benigni
645,Darci Kistler
646,Brad Johnson
647,Larry B. Scott
648,Jacob Tierney
649,Jim Carrey
650,Travis Tedford
651,Woody Harrelson
652,Melanie Lynskey
653,Brian O'Halloran
654,Linda Fiorentino
655,Patrick Stewart
656,Lara Flynn Boyle
657,Renée Zellweger
658,Pat Morita
659,Toni Collette
660,Dana Delany
661,Tim Allen
662,Kerry Fox
663,Ralph Fiennes
664,Robert Patrick
665,Jeremy Piven
666,Massimo Troisi
667,Luke Perry
668,Nigel Hawthorne
669,Jeni Courtney
670,Duane Martin
671,G.W. Bailey
672,Sophia Loren
673,Alfre Woodard
674,Jeremy Davies
675,Jack Palance
676,Allen Payne
677,Rupert Everett
678,Chris Elliott
679,Denis Leary
680,Harley Jane Kozak
681,Tim Roth
682,Sean Nelson
683,Kevin Spacey
684,Jennifer Jason Leigh
685,Taylor Nichols
686,Katrin Cartlidge
687,Nikita Mikhalkov
688,Brian Benben
689,Adam Beach
690,Alicia Silverstone
691,Laura Linney
692,Leo Fitzpatrick
693,Antonio Banderas
694,Shannen Doherty
695,Elizabeth Berkley
696,Ice Cube
697,Emma Thompson
698,Leonardo DiCaprio
699,Adam Sandler
700,Karan Ashley
701,Pierce Brosnan
702,Natasha Henstridge
703,Jonny Lee Miller
704,Lori Petty
705,Bill Farmer
706,Sandra Bullock
707,James Cromwell
708,Ron Perlman
709,Mary Steenburgen
710,Liesel Matthews
711,David Caruso
712,Larenz Tate
713,Schuyler Fisk
714,Whitney Houston
715,Heather Matarazzo
716,Hal Scardino
717,Billy Zane
718,Steve Buscemi
719,Clarence Williams III
720,Predrag 'Miki' Manojlovic
721,William Baldwin
722,Julianne Moore
723,Mark Rylance
724,Jimmy Smits
725,Jack Mulcahy
726,Parker Posey
727,Peter Gallagher
728,Sinbad
729,Aida Mohammadkhani
730,Laurel Holloman
731,Sean Young
732,Shar-Ron Corley
733,Patricia Arquette
734,Michael Jordan
735,Neve Campbell
736,William H. Macy
737,Helen Hunt
738,Matthew McConaughey
739,Robin Tunney
740,Luke Wilson
741,Jennifer Tilly
742,Billy Bob Thornton
743,David Thewlis
744,Vince Vaughn
745,Shawn Wayans
746,Philip Baker Hall
747,Tony Shalhoub
748,Jada Pinkett Smith
749,Paul Terry
750,Pauly Shore
751,Gwyneth Paltrow
752,Naveen Andrews
753,Christopher Guest
754,Timothy Spall
755,Mike Judge
756,Pamela Anderson
757,Reese Witherspoon
758,Shaquille O'Neal
759,Kelsey Grammer
760,Edward Burns
761,Geoffrey Rush
762,Michelle Trachtenberg
763,Dennis Miller
764,Vincent Perez
765,Jeffrey Wright
766,Bruce Ramsay
767,Scarlett Johansson
768,Chris O'Donnell
769,Christopher Eccleston
770,Michael J. Pollard
771,Ben Stiller
772,Jerry O'Connell
773,Sarah Jessica Parker
774,Tom Arnold
775,Martin Lawrence
776,Vincent D'Onofrio
777,Greg Kinnear
778,David Schwimmer
779,Theresa Randle
780,Steven Soderbergh
781,Thora Birch
782,Illeana Douglas
783,Matt LeBlanc
784,Mark Wahlberg
785,Casper Van Dien
786,Pam Grier
787,Alex D. Linz
788,Tate Donovan
789,Matt Damon
790,Jennifer Love Hewitt
791,Meg Ryan
792,Matthew Perry
793,Kel Mitchell
794,Robert Carlyle
795,Michael Jai White
796,Nick Sutton
797,Stephen Fry
798,Ben Affleck
799,Djimon Hounsou
800,Mira Sorvino
801,Robin Shou
802,Mel B
803,Jennifer Lopez
804,George Clooney
805,Nathan Lane
806,Chris Farley
807,Trey Parker
808,Vanessa Williams
809,Mohammad Amir Naji
810,Tom Everett Scott
811,Rowan Atkinson
812,Tammy Lauren
813,Howard Stern
814,Jennifer Aniston
815,Samuel L. Jackson
816,Tenzin Thuthob Tsarong
817,Michael Jeter
818,Christina Ricci
819,Jason David Frank
820,Fran Drescher
821,Cameron Diaz
822,Miguel Ferrer
823,Kevin Sorbo
824,John Leguizamo
825,Angus Macfadyen
826,Sophie Marceau
827,Peter Fonda
828,Jared Leto
829,Will Friedle
830,Sam Rockwell
831,Llyr Ifans
832,Christopher McDonald
833,Joseph Mazzello
834,Thomas Jane
835,Marlon Wayans
836,Stephen Dillane
837,David Duchovny
838,Aaron Eckhart
839,Julia Ormond
840,Edward Norton
841,Jordana Brewster
842,Ming-Na Wen
843,Jim Caviezel
844,Tobey Maguire
845,Jason Schwartzman
846,Rufus Sewell
847,Kirsten Dunst
848,Ulrich Thomsen
849,Sean Gullette
850,Jane Adams
851,Cate Blanchett
852,Ryan Phillippe
853,Vincent Gallo
854,James Marsden
855,Dave Chappelle
856,Jeremy Theobald
857,Chris Kattan
858,Jeffrey Falcon
859,Chow Yun-Fat
860,Norm MacDonald
861,Ian McKellen
862,Chloë Sevigny
863,Carlo Cecchi
864,Veronica Taylor
865,Nas
866,Ian Bannen
867,Magda Szubanski
868,Jessalyn Gilsig
869,Ian Michael Smith
870,Gillian Anderson
871,Elizabeth Daily
872,LisaRaye McCoy
873,Catherine McCormack
874,Fernanda Montenegro
875,Billy Crudup
876,Joseph Cross
877,Jay Mohr
878,Kate Winslet
879,Oprah Winfrey
880,Howie Long
881,Natasha Lyonne
882,Kevin Gage
883,George Hearn
884,Paul Walker
885,Joaquin Phoenix
886,Jonathan Taylor Thomas
887,Chris Stafford
888,Jerry Springer
889,Amy Brenneman
890,Jason Biggs
891,Ewan McGregor
892,Heath Ledger
893,Ron Livingston
894,Sarah Michelle Gellar
895,Heather Donahue
896,James Van Der Beek
897,Freddie Prinze Jr.
898,Tony Goldwyn
899,Eli Marienthal
900,Russell Crowe
901,Rob Schneider
902,Hilary Swank
903,Rose McGowan
904,Diane Lane
905,Jake Gyllenhaal
906,Jude Law
907,Sarah Polley
908,Richard Farnsworth
909,Devon Sawa
910,Milla Jovovich
911,Tommy Flanagan
912,Guy Pearce
913,Helen Mirren
914,Craig Bierko
915,Melissa Joan Hart
916,Terence Stamp
917,Juliette Lewis
918,Claire Danes
919,Molly Shannon
920,Taye Diggs
921,Emily Watson
922,Christopher Lloyd
923,James Levine
924,Emily Bergl
925,Charlize Theron
926,Dave Goelz
927,Elayn J. Taylor
928,French Stewart
929,Kevin Clash
930,Annette Bening
931,Shawn Hatosy
932,Takehiro Murata
933,Loren Dean
934,David Spade
935,Alessandro Nivola
936,Hank Azaria
937,Christian Campbell
938,Miranda Richardson
939,Jeremy Northam
940,Ellen Burstyn
941,Anna Faris
942,Piper Perabo
943,Breckin Meyer
944,Ashton Kutcher
945,Radha Mitchell
946,Emily Perkins
947,David Arquette
948,Fred Willard
949,Jamie Bell
950,Emilio Echevarría
951,Björk
952,Giovanni Ribisi
953,Natalie Portman
954,Sanaa Lathan
955,Jonathan Lipnicki
956,Mark Addy
957,Gerard Butler
958,Joshua Jackson
959,Jet Li
960,Amanda Schull
961,Jeffrey Donovan
962,Jean Reno
963,John Malkovich
964,Colin Farrell
965,Shane West
966,Mike White
967,Kirk Cameron
968,Lauren Ambrose
969,Jamie Foxx
970,Brenda Blethyn
971,Jung Suh
972,Jennifer Morrison
973,Penélope Cruz
974,Tim Meadows
975,Joan Allen
976,Ricardo Darín
977,Timothy Olyphant
978,Lori Heuring
979,Michelle Rodriguez
980,Frankie Muniz
981,Huey Lewis
982,Christine Cavanaugh
983,Minnie Driver
984,Chris Klein
985,Jim Cummings
986,Garry Shandling
987,Heather Graham
988,Lara Jill Miller
989,Daniel Radcliffe
990,Vin Diesel
991,Naomi Watts
992,Daveigh Chase
993,Chyler Leigh
994,Josh Hartnett
995,Audrey Tautou
996,Haley Joel Osment
997,Jay Chandrasekhar
998,Janeane Garofalo
999,Jack Black
1000,Gina Philips
1001,Alexa PenaVega
1002,Angelina Jolie
1003,Julia Stiles
1004,Method Man
1005,Steve Zahn
1006,Kane Hodder
1007,Jason Mewes
1008,Samuel Le Bihan
1009,Flex Alexander
1010,John Cameron Mitchell
1011,Alexsandra Wright
1012,Tom Green
1013,Hayden Christensen
1014,Shannon Elizabeth
1015,Tom Wilkinson
1016,Rachael Leigh Cook
1017,Marisa Paredes
1018,Stephen Chow
1019,Debi Derryberry
1020,Denise Richards
1021,Marla Sokoloff
1022,Ryan Gosling
1023,Judi Dench
1024,Shah Rukh Khan
1025,Justin Chambers
1026,Mekhi Phifer
1027,Liv Tyler
1028,Melissa Sagemiller
1029,Jennifer Westfeldt
1030,Brian Cox
1031,Dr. Dre
1032,Snoop Dogg
1033,Monica Potter
1034,Mariah Carey
1035,Vivica A. Fox
1036,Shane Brolly
1037,Toshio Furukawa
1038,Catherine Keener
1039,Andrew Lawrence
1040,Christopher Gorham
1041,Greg Stebner
1042,Eminem
1043,Adrien Brody
1044,Cillian Murphy
1045,Franka Potente
1046,Matthew Lillard
1047,Mandy Moore
1048,Joseph Gordon-Levitt
1049,Nia Vardalos
1050,Dwayne Johnson
1051,Jason Statham
1052,Kate Bosworth
1053,Julianna Margulies
1054,Ryan Reynolds
1055,Salma Hayek
1056,Steve Oedekerk
1057,Aaliyah
1058,Rebecca Romijn
1059,Jordan Ladd
1060,DJ Qualls
1061,Colin Hanks
1062,Britney Spears
1063,Andy Lau
1064,Shad Moss
1065,Kang-ho Song
1066,Parry Shen
1067,Dana Carvey
1068,Nick Cannon
1069,Eddie Griffin
1070,Alexis Bledel
1071,Angela Bettis
1072,Miguel A. Núñez Jr.
1073,Chiwetel Ejiofor
1074,Kieran Culkin
1075,Bruce Greenwood
1076,Megumi Okina
1077,Keisha Castle-Hughes
1078,Everlyn Sampi
1079,Jeremy Renner
1080,Charlie Hunnam
1081,Barry Watson
1082,Katie Holmes
1083,Casey Affleck
1084,Blayne Weaver
1085,Mars Callahan
1086,Anna Paquin
1087,Tim Curry
1088,Morris Chestnut
1089,Michael Reilly Burke
1090,America Ferrera
1091,Steve Irwin
1092,Kate Beckinsale
1093,Choi Min-sik
1094,Michael Pitt
1095,Albert Brooks
1096,Eric Bana
1097,Evan Rachel Wood
1098,Eliza Dushku
1099,Jeremy Sumpter
1100,Tommy Wiseau
1101,Jessica Biel
1102,Shia LaBeouf
1103,Sid Haig
1104,Kate Hudson
1105,Amanda Bynes
1106,Will Ferrell
1107,Blanchard Ryan
1108,A.J. Cook
1109,Elias McConnell
1110,Chaney Kley
1111,Daryl Sabara
1112,Derek Richardson
1113,Jonathan Breck
1114,Jessica Alba
1115,Jonathan Cherry
1116,Jennifer Connelly
1117,Peter Dinklage
1118,Adam Brody
1119,Halle Berry
1120,Hilary Duff
1121,Brittany Murphy
1122,Jamie Kennedy
1123,Anthony Anderson
1124,Michèle Caucheteux
1125,Paul Rudd
1126,Wes Ramsey
1127,Clive Owen
1128,Romola Garai
1129,Jason Lee
1130,Zooey Deschanel
1131,Kelly Clarkson
1132,Philip Seymour Hoffman
1133,Joe Nicolo
1134,Anne Reid
1135,Jodi Carlisle
1136,Joseph Fiennes
1137,Corbin Allred
1138,Samy Naceri
1139,Liam Aiken
1140,Emile Hirsch
1141,Scott Mechlowicz
1142,Lindsay Lohan
1143,Hugh Jackman
1144,Craig T. Nelson
1145,Chieko Baishô
1146,Jon Heder
1147,Jennifer Garner
1148,Don Cheadle
1149,John Cho
1150,Paul Giamatti
1151,Anne Hathaway
1152,Shane Carruth
1153,Tom Kenny
1154,Zach Braff
1155,Tony Chiu-Wai Leung
1156,Martin Henderson
1157,Cayden Boyd
1158,Queen Latifah
1159,Kenan Thompson
1160,Jena Malone
1161,Viggo Mortensen
1162,Rory Culkin
1163,Diego Luna
1164,Sara Foster
1165,Gael García Bernal
1166,Dwayne Adway
1167,Seung-Yun Lee
1168,Mary-Kate Olsen
1169,Stellan Skarsgård
1170,Tracey Ullman
1171,Cedric the Entertainer
1172,Konstantin Khabenskiy
1173,Omarion
1174,Ray Romano
1175,Owen Wilson
1176,Catalina Sandino Moreno
1177,Imelda Staunton
1178,Paul Kaye
1179,Kristen Stewart
1180,Jang Dong-Gun
1181,Anthony Mackie
1182,Steve Carell
1183,Ziyi Zhang
1184,Keira Knightley
1185,Hugo Weaving
1186,Orlando Bloom
1187,Martin Freeman
1188,Ioan Gruffudd
1189,Nathan Fillion
1190,Jay Hernandez
1191,Patrick Wilson
1192,Amber Tamblyn
1193,Rachel McAdams
1194,Chad Michael Murray
1195,Seann William Scott
1196,Stephanie Leonidas
1197,Donnie Wahlberg
1198,Josh Hutcherson
1199,Camilla Belle
1200,Nathan Phillips
1201,Karl Urban
1202,Owen Kline
1203,Kimberly Elise
1204,Peter Sallis
1205,50 Cent
1206,Kristanna Loken
1207,Navi Rawat
1208,Kuno Becker
1209,Jack Thompson
1210,David Strathairn
1211,Julian Morris
1212,Ray Winstone
1213,Josh Lucas
1214,Terrence Howard
1215,Tom Welling
1216,AnnaSophia Robb
1217,Benjamin Bratt
1218,Steve Howey
1219,Barney Clark
1220,John Hawkes
1221,Felicity Huffman
1222,Bryce Dallas Howard
1223,Embeth Davidtz
1224,Lou Taylor Pucci
1225,Lucas Black
1226,Daniel Craig
1227,Ivana Baquero
1228,Gerardo Taracena
1229,James McAvoy
1230,Ulrich Mühe
1231,Justin Long
1232,Brandon Routh
1233,Steven Strait
1234,Ted Levine
1235,Ben Whishaw
1236,Carice van Houten
1237,Channing Tatum
1238,Sacha Baron Cohen
1239,Mary Elizabeth Winstead
1240,Emma Roberts
1241,Lee Pace
1242,Jesse Metcalfe
1243,Ed Speleers
1244,Beyoncé
1245,Tobin Bell
1246,Mitchel Musso
1247,Jessica Simpson
1248,Jaime Pressly
1249,Sook-Yin Lee
1250,David Alan Basche
1251,Ken Watanabe
1252,Dakota Fanning
1253,Liev Schreiber
1254,Jon Foster
1255,Josh Duhamel
1256,Tyler Perry
1257,John Cena
1258,Sienna Miller
1259,Kevin James
1260,Freddie Highmore
1261,Alyson Hannigan
1262,James Franco
1263,Alison Lohman
1264,Patrick Fugit
1265,Glenn Jacobs
1266,T.I.
1267,Toby Jones
1268,Kristen Bell
1269,Jake T. Austin
1270,Daniel London
1271,Catherine O'Hara
1272,Logan Lerman
1273,Charlie Cox
1274,Michael Cera
1275,Brad Garrett
1276,Elliot Page
1277,Amy Adams
1278,Seth Rogen
1279,Scout Taylor-Compton
1280,Ryan Kwanten
1281,Jerry Seinfeld
1282,Reiko Aylesworth
1283,Dane Cook
1284,Lauren German
1285,Karra Elejalde
1286,Kal Penn
1287,Daniel Hansen
1288,Katie Featherston
1289,John C. Reilly
1290,Gaspard Ulliel
1291,Dan Castellaneta
1292,Matthew Macfadyen
1293,Will Arnett
1294,Thomas Lennon
1295,Marion Cotillard
1296,Glen Hansard
1297,Richard Jenkins
1298,Keri Russell
1299,Alexander Ludwig
1300,Catherine Zeta-Jones
1301,Daniella Alonso
1302,Sean Bean
1303,Khalid Abdalla
1304,Skyler Shaye
1305,Gabrielle Union
1306,David Koechner
1307,Wagner Moura
1308,Norah Jones
1309,Javier Bardem
1310,Rachel Nichols
1311,Patrick Carroll
1312,Big Boi
1313,Chiara Mastroianni
1314,Robert Wisdom
1315,Elisha Cuthbert
1316,Anton Yelchin
1317,Justin Chatwin
1318,Michelle Morgan
1319,Tadanobu Asano
1320,Columbus Short
1321,Zack Ward
1322,Scott Speedman
1323,Ben Burtt
1324,Rebecca Hall
1325,Dev Patel
1326,Mike Vogel
1327,Shawn Ashmore
1328,Jim Sturgess
1329,Sean Faris
1330,Josh Zuckerman
1331,Ben Barnes
1332,Asa Butterfield
1333,Katherine Heigl
1334,Kåre Hedebrant
1335,Tom Hardy
1336,Carmen Electra
1337,Drake Bell
1338,Ray Stevenson
1339,Rhona Mitra
1340,Gabriel Macht
1341,Ricky Gervais
1342,Chris Pine
1343,Rainn Wilson
1344,Robert Hoffman
1345,Paul Sorvino
1346,Scott Patterson
1347,Vinnie Jones
1348,Rachel Weisz
1349,Josh Brolin
1350,Simon Pegg
1351,Brittany Snow
1352,Zac Efron
1353,Sean Maguire
1354,Matt Lanter
1355,Tina Fey
1356,Saoirse Ronan
1357,Jennifer Carpenter
1358,Frank Langella
1359,Michelle Williams
1360,Stephen McHattie
1361,Ari Folman
1362,Matthew Goode
1363,Alyssa Milano
1364,Rob Brown
1365,Josh Peck
1366,Jimmy Bennett
1367,Melissa Leo
1368,Sam Worthington
1369,Megan Fox
1370,Jackie Earle Haley
1371,Zach Galifianakis
1372,Ginnifer Goodwin
1373,Jesse Eisenberg
1374,Sharlto Copley
1375,Quinton Aaron
1376,Edward Asner
1377,Dan Fogler
1378,Jared Padalecki
1379,Anika Noni Rose
1380,Nathaniel Brown
1381,Eric Christian Olsen
1382,Garret Dillahunt
1383,Michael Nyqvist
1384,Penn Badgley
1385,Max Records
1386,Briana Evigan
1387,Christopher Plummer
1388,Gabourey Sidibe
1389,Hye-ja Kim
1390,Michael Stuhlbarg
1391,Josh Stewart
1392,Rain
1393,Nick Zano
1394,Carey Mulligan
1395,Jensen Ackles
1396,Emily Blunt
1397,Tahar Rahim
1398,Katie Jarvis
1399,Hayden Panettiere
1400,Odette Annable
1401,Jamal Woolard
1402,Sasha Grey
1403,Christian Friedel
1404,Sean Patrick Flanery
1405,Miley Cyrus
1406,Alan Van Sprang
1407,Jocelin Donahue
1408,John Krasinski
1409,Abbie Cornish
1410,Jeppe Beck Laursen
1411,Ben Foster
1412,Evan McGuire
1413,Gemma Arterton
1414,Zach Cregger
1415,Chris Massoglia
1416,Ashley Tisdale
1417,Kristin Kreuk
1418,Colm Meaney
1419,Michael Angarano
1420,Rooney Mara
1421,Jonathan D. Mellor
1422,Jay Baruchel
1423,Aaron Taylor-Johnson
1424,Madeline Carroll
1425,Scoot McNairy
1426,Sarah Butler
1427,Noah Ringer
1428,Lubna Azabal
1429,Mia Wasikowska
1430,Emma Stone
1431,Danny Trejo
1432,Idris Elba
1433,Michael Fassbender
1434,Zachary Gordon
1435,Paul Bettany
1436,Robert Pattinson
1437,Jennifer Lawrence
1438,Chris Brown
1439,Chris Messina
1440,Keir Gilchrist
1441,Kodi Smit-McPhee
1442,Will Forte
1443,Eric Balfour
1444,Joey King
1445,Amanda Seyfried
1446,Jonah Hill
1447,Amy Poehler
1448,Sharni Vinson
1449,Stephen Spinella
1450,Kôji Yakusho
1451,Bill Nighy
1452,Jenn Proske
1453,Chace Crawford
1454,Patrick Fabian
1455,Juno Temple
1456,Garrett Hedlund
1457,Connor Paolo
1458,Robin Wright
1459,Max Thieriot
1460,Danielle Harris
1461,David Hyde Pierce
1462,Chris Evans
1463,Chris Hemsworth
1464,Michael Shannon
1465,Kristen Wiig
1466,Kristen Connolly
1467,Emily Browning
1468,Mila Kunis
1469,Henry Cavill
1470,Justin Timberlake
1471,Elle Fanning
1472,Bradley Cooper
1473,Jason Momoa
1474,Danny McBride
1475,Zoe Saldana
1476,Taylor Lautner
1477,Payman Maadi
1478,Jeremy Irvine
1479,Iko Uwais
1480,Zachary Quinto
1481,Nicholas D'Agosto
1482,Alex Pettyfer
1483,Kenny Wormald
1484,Topher Grace
1485,Sara Paxton
1486,Gina Carano
1487,Jean Dujardin
1488,Lucas Pittaway
1489,Nick Swardson
1490,John Boyega
1491,Brendan Gleeson
1492,Dominic Cooper
1493,Brit Marling
1494,Felicity Jones
1495,Elizabeth Olsen
1496,Minka Kelly
1497,Selena Gomez
1498,Colin O'Donoghue
1499,Christopher Denham
1500,Thomas Horn
1501,Rhys Wakefield
1502,Michael Parks
1503,Sarah Bolger
1504,Mark Duplass
1505,Alex Kendrick
1506,Warren Christie
1507,Rhys Ifans
1508,Russell Brand
1509,Taylor Schilling
1510,Ranbir Kapoor
1511,Anna Kendrick
1512,Mads Mikkelsen
1513,Noomi Rapace
1514,Jared Gilman
1515,Jessica Chastain
1516,Andrew Garfield
1517,Kelly Macdonald
1518,Taylor Kitsch
1519,Alexander Skarsgård
1520,Vanessa Hudgens
1521,Danielle Panabaker
1522,Benjamin Walker
1523,Thomas Mann
1524,Suraj Sharma
1525,Julianne Hough
1526,Aubrey Plaza
1527,Dane DeHaan
1528,Jason Segel
1529,Sean Hayes
1530,Ann Dowd
1531,Dax Shepard
1532,Alex Veadov
1533,Sam Riley
1534,Dylan O'Brien
1535,Luke Evans
1536,Lily Collins
1537,Ashley Hinshaw
1538,Sheri Moon Zombie
1539,Kathryn McCormick
1540,Paul Dano
1541,Natasha Calis
1542,Adelaide Clemens
1543,Jean-Louis Trintignant
1544,Quvenzhané Wallis
1545,Ashley Greene
1546,Jonny Weston
1547,Josh Radnor
1548,Pål Sverre Hagen
1549,Stephen Dunham
1550,John Magaro
1551,Jesse McCartney
1552,Aamir Khan
1553,Ari Graynor
1554,Fernanda Andrade
1555,Saif Ali Khan
1556,Victoria Justice
1557,Peter Sarsgaard
1558,Domhnall Gleeson
1559,Jason Sudeikis
1560,Lorenza Izzo
1561,Daniel Brühl
1562,Jane Levy
1563,Emily Baldoni
1564,Alexandra Daddario
1565,Nicholas Hoult
1566,Karen Gillan
1567,Simon Rex
1568,Oscar Isaac
1569,Chloë Grace Moretz
1570,Julia Louis-Dreyfus
1571,Gugu Mbatha-Raw
1572,Jaden Smith
1573,Miles Teller
1574,Chadwick Boseman
1575,Sophie Nélisse
1576,Katie Chang
1577,Hideaki Anno
1578,Alice Englert
1579,Carlos Alazraqui
1580,Bill Hader
1581,Macon Blair
1582,Bruce Dern
1583,Christoph Waltz
1584,Mark Strong
1585,Neil Patrick Harris
1586,Michael B. Jordan
1587,Johnny Knoxville
1588,Amy Seimetz
1589,Liam Hemsworth
1590,Bérénice Bejo
1591,Benedict Cumberbatch
1592,Tiger Hu Chen
1593,Irrfan Khan
1594,Chris Pratt
1595,Alicia Vikander
1596,Shailene Woodley
1597,Jon Favreau
1598,Jemaine Clement
1599,Frank Grillo
1600,Maika Monroe
1601,Brenton Thwaites
1602,Sullivan Stapleton
1603,Ryan Potter
1604,Jack O'Connell
1605,Perdita Weeks
1606,Ward Horton
1607,Ellar Coltrane
1608,Eddie Redmayne
1609,Essie Davis
1610,Darío Grandinetti
1611,Dan Stevens
1612,Joel Kinnaman
1613,Zoey Deutch
1614,Rose Leslie
1615,Aaron Paul
1616,Seth MacFarlane
1617,Hugh Bonneville
1618,Richard Armitage
1619,Tom McGrath
1620,Heather Sossaman
1621,Gabriella Wilde
1622,Kit Harington
1623,Kaitlyn Dever
1624,Jake Johnson
1625,Andy Powers
1626,Sharon Leal
1627,David Oyelowo
1628,Jon Hamm
1629,John Lloyd Young
1630,Kellan Lutz
1631,Ryan Guzman
1632,Shane Harper
1633,Ty Burrell
1634,Melissa McCarthy
1635,Christina Hendricks
1636,Jared Harris
1637,Taraji P. Henson
1638,Sidse Babett Knudsen
1639,Olivia Cooke
1640,Kevin Hart
1641,Dakota Johnson
1642,Anya Taylor-Joy
1643,Brie Larson
1644,Mark Ruffalo
1645,Lily James
1646,Daisy Ridley
1647,Melissa Rauch
1648,Jason Clarke
1649,Olivia DeJonge
1650,Ed Helms
1651,Blake Lively
1652,Jim Parsons
1653,Tom Hiddleston
1654,Amy Schumer
1655,O'Shea Jackson Jr.
1656,Lake Bell
1657,Edgar Ramírez
1658,Rupert Friend
1659,Adrian Grenier
1660,Tye Sheridan
1661,Levi Miller
1662,Mae Whitman
1663,Bryan Cranston
1664,Scott Eastwood
1665,Prabhas
1666,Nat Wolff
1667,Abraham Attah
1668,Bel Powley
1669,Kitana Kiki Rodriguez
1670,James Ransone
1671,Ben Mendelsohn
1672,Taron Egerton
1673,Lily Tomlin
1674,Amy Landecker
1675,Shameik Moore
1676,Adam Scott
1677,Donnie Yen
1678,Noah Schnapp
1679,Olivia Wilde
1680,Reese Mishler
1681,Aubrey Peeples
1682,Kate Mara
1683,Rob Corddry
1684,Priscilla C. Shirer
1685,Travis Fimmel
1686,Emilia Clarke
1687,Auli'i Cravalho
1688,Vera Farmiga
1689,Eva Green
1690,Mahershala Ali
1691,Neel Sethi
1692,Ellen DeGeneres
1693,Teresa Palmer
1694,Mike Epps
1695,Suki Waterhouse
1696,Hailee Steinfeld
1697,Adam Driver
1698,Lauren Cohan
1699,Louis C.K.
1700,Andy Samberg
1701,Blake Jenner
1702,Neal McDonough
1703,John Gallagher Jr.
1704,Jack Huston
1705,Keegan-Michael Key
1706,Lewis MacDougall
1707,James Allen McCune
1708,James Arnold Taylor
1709,Elizabeth Reaser
1710,Natalie Dormer
1711,Lucas Till
1712,Joe Alwyn
1713,Ruth Negga
1714,Stephan James
1715,Bill Skarsgård
1716,Tom Holland
1717,Daniel Kaluuya
1718,Fionn Whitehead
1719,Anthony Gonzalez
1720,Ansel Elgort
1721,Gal Gadot
1722,Jacob Tremblay
1723,Sally Hawkins
1724,Emma Watson
1725,Frances McDormand
1726,Margot Robbie
1727,Jessica Rothe
1728,Scott Shepherd
1729,Brooklynn Prince
1730,Vicky Krieps
1731,Anthony LaPaglia
1732,Andy Serkis
1733,Michael Peña
1734,Kumail Nanjiani
1735,Katie Leung
1736,Matt Passmore
1737,Amandla Stenberg
1738,Dacre Montgomery
1739,Joel Edgerton
1740,T.J. Miller
1741,Rosario Dawson
1742,Regina Hall
1743,Sam Elliott
1744,Josh Gad
1745,Matilda Anna Ingrid Lutz
1746,Demetrius Shipp Jr.
1747,Demi Lovato
1748,Eugenio Derbez
1749,Jason Drucker
1750,Emily Mortimer
1751,Brett Dalton
1752,Douglas Smith
1753,Rami Malek
1754,Constance Wu
1755,John David Washington
1756,Boyd Holbrook
1757,Alden Ehrenreich
1758,Bella Thorne
1759,Lady Gaga
1760,Elsie Fisher
1761,Olivia Colman
1762,Benicio Del Toro
1763,Y'lan Noel
1764,Demián Bichir
1765,Zain Al Rafeea
1766,Nick Robinson
1767,James Corden
1768,Justin Theroux
1769,Logan Marshall-Green
1770,Jovan Adepo
1771,Claire Foy
1772,Hera Hilmar
1773,Sunny Suljic
1774,Viola Davis
1775,Leslie Mann
1776,Angourie Rice
1777,LaKeith Stanfield
1778,Lucy Hale
1779,Storm Reid
1780,Amber Heard
1781,Ayushmann Khurrana
1782,Aldis Hodge
1783,Lin Shaye
1784,Lucas Hedges
1785,Alex Roe
1786,Odessa Young
1787,Colin Woodell
1788,Mackenzie Foy
1789,Cynthea Mercado
1790,Kyrie Irving
1791,Shay Mitchell
1792,KiKi Layne
1793,Alek Skarlatos
1794,Steve Coogan
1795,Trevor Jackson
1796,J. Michael Finley
1797,Masako Nozawa
1798,Myles Truitt
1799,Wendi McLendon-Covey
1800,Tiffany Haddish
1801,Florence Pugh
1802,Taylor Russell
1803,Himesh Patel
1804,Josephine Langford
1805,Roman Griffin Davis
1806,Zachary Levi
1807,Dean-Charles Chapman
1808,Rosa Salazar
1809,Lupita Nyong'o
1810,Samara Weaving
1811,David Harbour
1812,Linda Hamilton
1813,Stephen Campbell Moore
1814,Isabela Merced
1815,Donald Glover
1816,Kyle Chandler
1817,Elizabeth Banks
1818,Zack Gottsagen
1819,Octavia Spencer
1820,Haley Lu Richardson
1821,Kaya Scodelario
1822,Oakes Fegley
1823,Patton Oswalt
1824,Linda Cardellini
1825,Zoe Margaret Colletti
1826,Michael Ealy
1827,Kotaro Daigo
1828,Jake Schur
1829,Dave Bautista
1830,Billy Barratt
1831,Chloe Bennet
1832,Rebel Wilson
1833,Gina Rodriguez
1834,Sofia Mali
1835,Tony Jaa
1836,Jing Wu
1837,Louis Ashbourne Serkis
1838,Marcel Ruiz
1839,Yara Shahidi
1840,Melanie Martinez
1841,Ashley Bratcher
1842,Terry Serpico
1843,Elisabeth Moss
1844,Ben Schwartz
1845,Zhi-zhong Huang
