1,Stephen King
2,Henry De Vere Stacpoole
3,Leigh Brackett
4,Jim Abrahams
5,Brian Doyle-Murray
6,Victor Miller
7,Dan Aykroyd
8,Jake LaMotta
9,Jerry Siegel
10,Bill Bryden
11,Stanford Sherman
12,Jamie Uys
13,Jules Feiffer
14,Judith Guest
15,Brian De Palma
16,Richard Matheson
17,Patricia Resnick
18,John Carpenter
19,William Friedkin
20,Michael Cimino
21,Thomas Hunter
22,Richard Christian Danus
23,W.D. Richter
24,Paul Schrader
25,David Eyre
26,Nancy Meyers
27,Floyd Mutrux
28,Robert Jaffe
29,Lawrence B. Marcus
30,Peter Benchley
31,Mel Brooks
32,Woody Allen
33,Bo Goldman
34,Dennis Hackin
35,Gordon Thomas
36,Rod Browning
37,Leigh Chapman
38,Ernest K. Gann
39,Jean Gruault
40,Gary Sherman
41,Lawrence Kasdan
42,John Landis
43,Sam Raimi
44,Bob Clark
45,Beverley Cross
46,Thomas Malory
47,Terry Hayes
48,Len Blum
49,Brock Yates
50,Frank Hohimer
51,Michael Palin
52,Ron Kurz
53,Richard Maibaum
54,Darryl Ponicsan
55,Warren Beatty
56,Daniel P. Mannix
57,Colin Welland
58,Kurt Luedtke
59,Tom Rowe
60,Yabo Yablonsky
61,Steve Gordon
62,Gary Brandner
63,Hal Barwood
64,Newton Thornburg
65,Gérard Brach
66,David Seltzer
67,Christina Crawford
68,Dan Greenburg
69,David Mamet
70,Glenn M. Benest
71,Steve Tesich
72,Peter Hyams
73,Blake Edwards
74,Dardano Sacchetti
75,Armyan Bernstein
76,John Gregory Dunne
77,David Shaber
78,Thomas Berger
79,Whitley Strieber
80,Jay Presson Allen
81,Fred Bauer
82,Stanley Shapiro
83,Ken Shapiro
84,Dennis Potter
85,Ivan Goff
86,John Byrum
87,Luis Valdez
88,Francis Veber
89,Lonne Elder III
90,John Hill
91,Barry Schneider
92,Brian Clark
93,Robin Moore
94,J.D. Reed
95,Howard Kohn
96,Edward Clinton
97,David Barry
98,Cameron Crowe
99,Hampton Fancher
100,Bill Lancaster
101,Robert E. Howard
102,Melissa Mathison
103,David Morrell
104,Douglas Day Stewart
105,Ken Finkleman
106,Carol Sobieski
107,Steven Spielberg
108,Roger Spottiswoode
109,Gene Roddenberry
110,William Styron
111,John Briley
112,Don McGuire
113,Steven Lisberger
114,Robert C. O'Brien
115,Paul D. Zimmerman
116,Sylvester Stallone
117,Don Coscarelli
118,A.B. 'Banjo' Paterson
119,Roger Waters
120,DeWitt Bodeen
121,Ingmar Bergman
122,Martin Kitrosser
123,Alex Lasker
124,Tommy Lee Wallace
125,David Odell
126,Barry Reed
127,Dick Randall
128,John Irving
129,Barry Levinson
130,Larry L. King
131,David Williamson
132,Peter S. Beagle
133,Frank De Felitta
134,Mark Rosman
135,Anthony Shaffer
136,David Engelbach
137,Joseph Fraley
138,Bob Kachler
139,Robert Towne
140,Carl Reiner
141,Costa-Gavras
142,John Steinbeck
143,Paul Mazursky
144,Robert Benton
145,Alan J. Adler
146,Clancy Carlile
147,Ed Graczyk
148,George Markstein
149,Deric Washburn
150,Valerie Curtin
151,Al Schwartz
152,William D. Wittliff
153,James Glickenhaus
154,Charles McCarry
155,Monica Mcgowan Johnson
156,Franklin Thompson
157,John McGreevey
158,Cheech Marin
159,Frank D. Gilroy
160,Michael Austin
161,Anne Piper
162,Oliver Stone
163,Kathleen Rowell
164,Paul Brickman
165,John Hughes
166,Timothy Harris
167,Nik Cohn
168,Thomas Hedley Jr.
169,Lawrence Lasker
170,Philip Kaufman
171,Jeffrey Boam
172,George MacDonald Fraser
173,Andrew Lane
174,S.E. Hinton
175,David Cronenberg
176,Larry McMurtry
177,Kevin McClory
178,Jean Shepherd
179,Harry Julian Fink
180,Dan O'Bannon
181,François Truffaut
182,Tom Holland
183,Nora Ephron
184,Michael Kane
185,F. Paul Wilson
186,Jack Rosenthal
187,Ralph Bakshi
188,Graham Chapman
189,Howard R. Cohen
190,Roger Swaybill
191,Ray Bradbury
192,Teresa Carpenter
193,Martin Cruz Smith
194,B.J. Nelson
195,Bill Norton
196,Linda Shayne
197,Bruce Joel Rubin
198,Robert Vincent O'Neil
199,William Roberts
200,Joe Gayton
201,Howard Avedis
202,Menahem Golan
203,John Herzfeld
204,Aaron Butler
205,Stewart Harding
206,Jon Cleary
207,Patrick Loubert
208,Luigi Cozzi
209,Ron Shelton
210,David Ambrose
211,Robert Ludlum
212,James R. Silke
213,Thomas Meehan
214,Leslie Arliss
215,Chauncey G. Parker III
216,Topper Carew
217,Graham Greene
218,Michael Leeson
219,Harold Robbins
220,Christopher Crowe
221,James McLendon
222,Amy Robinson
223,Amy Holden Jones
224,Danny Opatoshu
225,Lloyd Phillips
226,William Olsen
227,John Sayles
228,Marshall Brickman
229,Henry Bean
230,Jeffrey Price
231,Charles Burnett
232,James Cameron
233,Frank Herbert
234,Robert Mark Kamen
235,Harry Grey
236,Neal Israel
237,Willard Huyck
238,Robert J. Avrech
239,Wes Craven
240,Peter Shaffer
241,Daniel Petrie Jr.
242,Kevin Reynolds
243,Wolfgang Petersen
244,Dean Pitchford
245,Tim Metcalfe
246,Chris Columbus
247,Diane Thomas
248,Walter Hill
249,Christopher Guest
250,Jonathan R. Betuel
251,Brian Grazer
252,Joel Coen
253,Bernard Malamud
254,Bob Israel
255,Eric Hughes
256,Robert Bolt
257,Parnell Hall
258,Jean-Loup Dabadie
259,Alex Cox
260,Arthur C. Clarke
261,Bruce Robinson
262,William Kennedy
263,Bruce A. Evans
264,Thom Eberhardt
265,Michael Janover
266,John Derek
267,Jim Jarmusch
268,Stewart Raffill
269,E.M. Forster
270,Albert Magnoli
271,David Newman
272,Arthur Silver
273,Edgar Rice Burroughs
274,Michael Cristofer
275,William Wharton
276,Angela Carter
277,Steve Kloves
278,Paul Caimi
279,Vincent Patrick
280,Phil Alden Robinson
281,Nancy Dowd
282,Steven Hager
283,W. Somerset Maugham
284,R. Lance Hill
285,Ron Koslow
286,W.R. McKinney
287,Robert Dillon
288,Charles Fuller
289,George LaFountaine
290,Philip John Taylor
291,Robert Grossbach
292,Jonathan Reynolds
293,Buck Henry
294,Alan Rudolph
295,Preston Sturges
296,Nicholas Kazan
297,Ron Nyswaner
298,Paul McCartney
299,Charles Dennis
300,Jeffrey Alan Fiskin
301,James Bridges
302,Adam Brooks
303,Robert Zemeckis
304,Gerald Petievich
305,Tom Benedek
306,Anna Hamilton Phelan
307,William Hjortsberg
308,Rudy Ricci
309,Joel Schumacher
310,Terry Gilliam
311,Michael Butler
312,Jeph Loeb
313,William Kelley
314,Menno Meyjes
315,Akira Kurosawa
316,Edward Khmara
317,Eric Luke
318,Joseph Minion
319,Gregory McDonald
320,Aaron Latham
321,David Chaskin
322,Colin Wilson
323,Phil Hartman
324,Karen Blixen
325,George A. Romero
326,Fred Dekker
327,Lloyd Alexander
328,Djordje Milicevic
329,H.P. Lovecraft
330,George Barr McCutcheon
331,Louis Venosta
332,Leora Barish
333,Joe Eszterhas
334,Barry Longyear
335,Mark Rosenthal
336,Dimitri Villard
337,Steve Bloom
338,James Goldman
339,Arthur Conan Doyle
340,Joyce Carol Oates
341,Robert Daley
342,Craig Harrison
343,Arnold Schulman
344,Max Schott
345,Don Jakoby
346,H. Rider Haggard
347,Paul De Mielche
348,Robert Lindsey
349,Rudy De Luca
350,Jane Rule
351,James Bruner
352,Ethan Coen
353,John Pielmeier
354,Elmore Leonard
355,Lloyd Fonvielle
356,Reuben Bercovitch
357,David Hare
358,Andrew Birkin
359,Steve Bing
360,John Katzenbach
361,Ralph Farquhar
362,Larry DiTillio
363,Jeffrey Scott
364,Peter Sauder
365,Tod Carroll
366,Richard Brooks
367,Adam Friedman
368,Jim Cash
369,Paul Hogan
370,Dennis Lee
371,Gregory Widen
372,Gary Goldman
373,David Lynch
374,Thomas Harris
375,Steve Gerber
376,George Langelaan
377,Howard Ashman
378,Paul Theroux
379,Neal Jimenez
380,Elizabeth McNeill
381,Dennis Feldman
382,S.S. Wilson
383,Mike Marvin
384,Walter Tevis
385,Angelo Pizzo
386,James Carabatsos
387,Mark H. Baker
388,Paula Gosling
389,Jerry Leichtling
390,Steve Martin
391,Tom McLoughlin
392,David Giler
393,Rodney Dangerfield
394,Domonic Muir
395,L.M. Kit Carson
396,Richard Fire
397,Eric Red
398,Clifford Green
399,Luciano Vincenzoni
400,Peter Young
401,Dale Launer
402,Ron Friedman
403,John Carl Buechler
404,Elliott Lewitt
405,E. Max Frye
406,Jean M. Auel
407,Spike Lee
408,Lawrence Block
409,Mark Victor
410,Mark Medoff
411,Richard Blake
412,René Fauchois
413,Danilo Bach
414,John Brownjohn
415,Chris Bryant
416,Harry Shearer
417,Robert T. Megginson
418,Ronald Shusett
419,George Gallo
420,Walon Green
421,Edwin Blum
422,Gail Morgan Hickman
423,Leo Garen
424,Donald P. Borchers
425,Gene Wilder
426,James Orr
427,Robert Gosnell
428,Kevin Tenney
429,Ivan Reitman
430,Rocco Urbisci
431,James Cresson
432,Beth Henley
433,James Booth
434,William Goldman
435,John Kohn
436,David Himmelstein
437,Neil Simon
438,Naomi Foner
439,Ross Macdonald
440,Thom Keyes
441,Renny Harlin
442,Richard Wesley
443,Stanley Kubrick
444,Jim Thomas
445,Edward Neumeier
446,Eleanor Bergstein
447,David Simkins
448,Shane Black
449,Kathryn Bigelow
450,Edward Rugoff
451,James Dearden
452,Tom Stoppard
453,Kenneth Fearing
454,John Updike
455,Ronald Bass
456,John Patrick Shanley
457,Stanley Weiser
458,Mitch Markowitz
459,Leslie Dixon
460,Chip Proser
461,Gary Conway
462,Coline Serreau
463,James L. Brooks
464,William Dear
465,Mick Garris
466,Edmond Rostand
467,Stu Silver
468,John R. Cherry III
469,Jim Kouf
470,Anne Holden
471,Charles Bukowski
472,Dick Wolf
473,Elaine May
474,Norman Mailer
475,Linda Palmer
476,Richard Christian Matheson
477,Alberto Piferi
478,Nicholas Conde
479,Brian Garfield
480,Richard Sale
481,James Toback
482,Howard Franklin
483,Andrew Smith
484,John Milius
485,Eric Roth
486,George Axelrod
487,Joe Menosky
488,Denis Hamill
489,Lorne Cameron
490,Doug Lefler
491,Irwin Yablans
492,David Freeman
493,Walter Bernstein
494,Frank Deese
495,Avi Kleinberger
496,Jack Higgins
497,Don Keith Opper
498,William P. Wood
499,Mario Puzo
500,Warren Chaney
501,James Fox
502,Dom Irrera
503,Tom Topor
504,Christopher Frank
505,Daniel Taplitz
506,David Leland
507,Robert Kosberg
508,Jerry Belson
509,Bill Condon
510,Roderick Thorp
511,Michael McDowell
512,Gary Ross
513,Barry Morrow
514,Ray Nelson
515,George Lucas
516,Daniel Waters
517,Eddie Murphy
518,Gary K. Wolf
519,Giuseppe Tornatore
520,Chris Gerolmo
521,Don Mancini
522,William Davies
523,Jerry Zucker
524,Heywood Gould
525,Hayao Miyazaki
526,John Fusco
527,John Cleese
528,Kevin Wade
529,Sheldon Lettich
530,Nikos Kazantzakis
531,Barry Strugatz
532,Stu Krieger
533,Christopher Hampton
534,Julie Brown
535,John Waters
536,Milan Kundera
537,Theodore Simonson
538,Jim Cox
539,Iris Rainer
540,Charles McKeown
541,Dhani Lipsius
542,Sam Egan
543,Andrew Davis
544,Mitch Glazer
545,Keenen Ivory Wayans
546,Ed Justin
547,Daryl Haney
548,Neil Tolkin
549,Peter Atkins
550,Roman Polanski
551,Michael Schiffer
552,Jerico Stone
553,John Bryson
554,Ken Russell
555,Neil Jordan
556,Ken Wiederhorn
557,Astrid Lindgren
558,Eliot Asinof
559,Larry Cohen
560,Pedro Almodóvar
561,Joe Augustyn
562,Lanier Laney
563,David Saperstein
564,Anthony Hickox
565,Jay Cronley
566,Steve Zacharias
567,Wade Davis
568,Michael Stewart
569,Robert Reneau
570,Jay McInerney
571,Harv Zimmel
572,William Mastrosimone
573,Frank LaLoggia
574,Harold T.P. Hayes
575,Rockne S. O'Bannon
576,Steve De Jarnatt
577,Agatha Christie
578,David Twohy
579,Terry Black
580,Stephen Singular
581,John Nichols
582,Larry Ketron
583,Joel Oliansky
584,Deborah Blum
585,Robert Abramoff
586,Amos Poe
587,Ernest Thompson
588,Ken Kolb
589,Andrew Fleming
590,Rod Amateau
591,James Ellroy
592,Paul Golding
593,Mike Figgis
594,Ben Hecht
595,Susan Sandler
596,Frank Deford
597,Tom Ropelewski
598,Tracy Tormé
599,Jarre Fees
600,Michael Kaplan
601,Ed Turner
602,Charles G. Booth
603,Bill Fishman
604,Martin Donovan
605,Michael Bortman
606,Bob Kane
607,Chris Matheson
608,Tom Schulman
609,John Musker
610,Stuart Gordon
611,Dennis Shryack
612,Steven Soderbergh
613,David S. Ward
614,Robert Harling
615,Randy Feldman
616,Ron Kovic
617,Kevin Jarre
618,Lowell Ganz
619,Dana Olsen
620,Michael G. Wilson
621,Richard Smith
622,Earl Barret
623,Daniel Lang
624,John Bishop
625,Warren Adler
626,David Chisholm
627,'Weird Al' Yankovic
628,Amy Heckerling
629,Don Bluth
630,Albert Pyun
631,David Webb Peoples
632,Phillip Rhee
633,Mark DiSalle
634,Craig Bolotin
635,Ava Ostern Fries
636,Alfred Uhry
637,James Fogle
638,Lewis Abernathy
639,Richard Price
640,Steven Siegel
641,William Shakespeare
642,Rob Hedden
643,Choderlos de Laclos
644,Michael Thomas
645,Michael Jenning
646,Blaze Starr
647,Michael Tolkin
648,John Dahl
649,Perry Howze
650,Jon Connolly
651,Harold Nebenzal
652,Jean-Charles Tacchella
653,Ryôzô Kasahara
654,Neil Cuthbert
655,John Godey
656,John Eskow
657,Carolyn Lefcourt
658,Michael Varhol
659,Christopher Hawthorne
660,Michael Short
661,Craig Lucas
662,André P. Brink
663,Allyn Warner
664,Lloyd Kaufman
665,Robert Foster
666,Mark Spragg
667,David Rich
668,Ken Wheat
669,Pierre Schoendoerffer
670,Barbara Benedek
671,Bobbie Ann Mason
672,Isaac Bashevis Singer
673,Steve Ransohoff
674,Noreen Stone
675,Terrel Seltzer
676,Carlos Fuentes
677,Alan Caillou
678,Neil Levy
679,Howard Brookner
680,Jeremy Pikser
681,Nicholas Pileggi
682,Philip K. Dick
683,J.F. Lawton
684,Michael Blake
685,Steven E. de Souza
686,Murray Salem
687,Kevin Eastman
688,Tim Burton
689,Tom Clancy
690,Chester Gould
691,Oliver Sacks
692,Barry Gifford
693,Charles Williams
694,Scott Turow
695,Nicholas St. John
696,Jim Harrison
697,Patty Dann
698,Richard Linklater
699,Peter Filardi
700,Clive Barker
701,Stefani Warren
702,Scott Alexander
703,Reginald Hudlin
704,John Fasano
705,John A. Russo
706,Daniel Pyne
707,Carrie Fisher
708,Steven McKay
709,Karin Howard
710,Kim Henkel
711,Robert Martin
712,Dennis McIntyre
713,Monte Merrick
714,Michael Grais
715,Catherine Cyran
716,Christopher Robbins
717,Mark L. Lester
718,David S. Goyer
719,Steve MacManus
720,Andrew Bergman
721,Chuck Pfarrer
722,Paul Bowles
723,Jonathan Tydor
724,David Koepp
725,Boaz Yakin
726,Peter Weir
727,Whit Stillman
728,Arthur Miller
729,Judith Rascoe
730,John le Carré
731,Peter Viertel
732,Step Tyner
733,Robert Resnikoff
734,Joseph Hayes
735,Charles Beaumont
736,Charlie Cohen
737,William Harrison
738,Edgar Allan Poe
739,Hal Hartley
740,Simon Brett
741,Sarah Bird
742,Brian Aldiss
743,Pat Barker
744,Patrick Read Johnson
745,Michael Lehmann
746,Telsche Boorman
747,Nat Mauldin
748,Michael Nankin
749,Alan Parker
750,Jere Cunningham
751,Prince
752,Martha Goldhirsh
753,Mario Vargas Llosa
754,John DeMarco
755,Rick King
756,J.M. Barrie
757,John Singleton
758,John D. MacDonald
759,Charles Addams
760,Callie Khouri
761,Pen Densham
762,Randall Jahnson
763,Linda Woolverton
764,Fannie Flagg
765,Jim Garrison
766,Dave Stevens
767,Laurice Elehwany
768,Richard LaGravenese
769,Nancy Price
770,Gus Van Sant
771,Elizabeth Livingston
772,Bruce Willis
773,Pat Conroy
774,Peter Aykroyd
775,Alvin Sargent
776,William S. Burroughs
777,Roddy Doyle
778,Thomas Lee Wright
779,William P. Kennedy
780,J.J. Abrams
781,Neil B. Shulman
782,Claude Magnier
783,Leos Carax
784,Walter Doniger
785,Stephen Glantz
786,Don Michael Paul
787,Stephen Coonts
788,Lem Dobbs
789,Kim Wozencraft
790,Scott Frank
791,Sean Penn
792,Terrence McNally
793,Rick Natkin
794,David Stenn
795,Jack London
796,Peter Carey
797,Richard Neely
798,Michael Mahern
799,Marti Leimbach
800,Lawrence J. Cohen
801,Bobcat Goldthwait
802,E.L. Doctorow
803,Tom DiCillo
804,Parker Bennett
805,Jean Genet
806,Emlyn Williams
807,David C. Wilson
808,Simon Moore
809,Robin Lyons
810,Calder Willingham
811,William Reilly
812,Ziggy Steinberg
813,Andre Norton
814,Duncan Gibbins
815,Chester Himes
816,Sam Simon
817,Peter Matthiessen
818,Ira Levin
819,Jim Strain
820,Pierre Boileau
821,Malia Scotch Marmo
822,Sidney J. Furie
823,Nicholas Meyer
824,Radha Bharadwaj
825,Mark Andrus
826,Quentin Tarantino
827,James Fenimore Cooper
828,Bram Stoker
829,Aaron Sorkin
830,Kim Wilson
831,Giovanni Arpino
832,Steven Brill
833,Ron Clements
834,Paul Rudnick
835,Bob Dolman
836,John Lutz
837,Mike Myers
838,Norman Maclean
839,Richard Rothstein
840,Joss Whedon
841,David Robinson
842,Amanda Silver
843,Bob Tzudiker
844,Alex Haley
845,Stephen Sinclair
846,Melissa Goddard
847,George Zaloom
848,Robert Rodriguez
849,Pascal Bruckner
850,Richard Outten
851,Zoë Lund
852,Mark Stein
853,Ernest R. Dickerson
854,Kenny Kim
855,Brad Mirman
856,John Dwyer
857,A L Katz
858,David Mickey Evans
859,Virginia Woolf
860,Gary Scott Thompson
861,Dennis Marks
862,Rose Bosch
863,Rex McGee
864,Barry W. Blaustein
865,Bryce Courtenay
866,Blake Snyder
867,Michael Wolk
868,George Miller
869,Robert Berger
870,Tom S. Parker
871,Matthew Chapman
872,Troy Neighbors
873,Rodolfo Sonego
874,Edward Tang
875,H.F. Saint
876,Rita Rudner
877,Robert Sheckley
878,Laura Esquivel
879,Michael Frayn
880,Michael Swerdlick
881,Leonard Wise
882,Damon Wayans
883,Bob Gale
884,Cindy Cirile
885,Jeff Benjamin
886,Laura Ziskin
887,Stephen Milburn Anderson
888,Charles Dickens
889,Theo Pelletier
890,Scott Sommer
891,Graham Swift
892,Marty Kaplan
893,Michael Hitchcock
894,Peter Silverman
895,Ron Cutler
896,Oscar Hijuelos
897,Dominique Lapierre
898,Don Roos
899,Billy Crystal
900,Barry Wong
901,Gregg Araki
902,Matthew Bright
903,Robert Klane
904,Gerald Kersh
905,Carole Eastman
906,Grace Cary Bickley
907,Michael Crichton
908,Thomas Keneally
909,J.D. Shapiro
910,Chazz Palminteri
911,Peter Hedges
912,David Kirschner
913,Edwin Torres
914,Anne Fine
915,Jeb Stuart
916,Peter M. Lenkov
917,Ebbe Roe Smith
918,John Grisham
919,Zak Penn
920,Danny Rubin
921,Jeff Arch
922,John Long
923,Jane Campion
924,Sam Harper
925,Ross Thomas
926,Gerry Conlon
927,Piers Paul Read
928,Jack Engelhard
929,Jeff Maguire
930,Edith Wharton
931,Allen Hughes
932,Michael Shaara
933,Alexandre Dumas
934,Frances Hodgson Burnett
935,Keith Walker
936,Kazuo Ishiguro
937,Travis Walton
938,Lynn Siefert
939,Stephen Levy
940,Tom Davis
941,Robbie Fox
942,Alan Shapiro
943,Don Holley
944,John Lee Hancock
945,Mark Jones
946,Tina Turner
947,Rowdy Herrington
948,Fred Waitzkin
949,Ian McEwan
950,Paul Henning
951,Roger Avary
952,Guillermo del Toro
953,Hilary Henkin
954,Jack Finney
955,Bill Apablasa
956,Carol Heikkinen
957,Isabel Allende
958,Bernardo Bertolucci
959,Robert Clouse
960,Amy Tan
961,Tom Sierchio
962,Alan Burnett
963,Tim Burns
964,Gregory Hansen
965,Jane Austen
966,John Guare
967,Pik-Wah Lee
968,Lewis Colick
969,William Nicholson
970,David Atkins
971,A.E. Hotchner
972,Mark Twain
973,Marcia Brandwynne
974,Robert Townsend
975,Chris Rock
976,Paul W. Shapiro
977,Le Ly Hayslip
978,Mike Binder
979,Rae Lambert
980,Sy Richardson
981,Tom Robbins
982,Max Strom
983,Richard Williams
984,Dean Lorey
985,Kevin Rock
986,Tan Cheung
987,Wim Wenders
988,Christopher Coppola
989,Patrick Sheane Duncan
990,Ang Lee
991,Patrick Hasburgh
992,Dana Stevens
993,Barry Michael Cooper
994,John Lafia
995,John Brosnan
996,Amy Schor Ferris
997,Arne Olsen
998,Mark Bowden
999,Maurice Richlin
1000,Roger Hedden
1001,Bernard Taylor
1002,Susan Cooper
1003,Wallace C. Bennett
1004,Rusty Cundieff
1005,Warren Leight
1006,Winston Groom
1007,Claude Zidi
1008,Irene Mecchi
1009,Michael Fallon
1010,Graham Yost
1011,Dean Devlin
1012,Penelope Spheeris
1013,Peter Farrelly
1014,Susan Shilliday
1015,James O'Barr
1016,Anne Rice
1017,Richard Curtis
1018,Jack Bernstein
1019,Louisa May Alcott
1020,Fran Walsh
1021,Kevin Smith
1022,Roy Huggins
1023,Dan Gordon
1024,Steve Barancik
1025,James Ferguson
1026,Rudolph Grey
1027,Dorothy Kingsley
1028,Michael De Luca
1029,Helen Childress
1030,Pat Proft
1031,Denis O'Neill
1032,John Rice
1033,Billy Ray
1034,Alan Zweibel
1035,P.J. Hogan
1036,Jane Anderson
1037,Mary Shelley
1038,Rudyard Kipling
1039,Mark Verheiden
1040,Leo Benvenuti
1041,John Shirley
1042,John Hodge
1043,Albert S. Ruddy
1044,Walter B. Gibson
1045,Rama Laurie Stagner
1046,Paul Attanasio
1047,Eric Bernt
1048,Mark Handley
1049,Lord Byron
1050,William Porter
1051,Hans Christian Andersen
1052,Paul Dini
1053,Ariel Dorfman
1054,Adam Leff
1055,Antonio Skármeta
1056,Alan Bennett
1057,Richard Russo
1058,Rosalie K. Fry
1059,Jeff Pollack
1060,Ed Horowitz
1061,Robert Altman
1062,Joie Lee
1063,David O. Russell
1064,David Rayfiel
1065,Richard Rich
1066,Jim Burnstein
1067,Bobby Smith Jr.
1068,Robert C. Thompson
1069,Richard Herley
1070,T. Coraghessan Boyle
1071,Tiziano Sclavi
1072,Chris Elliott
1073,Hugh Wilson
1074,Tony Griffin
1075,Marie Weiss
1076,Andy Breckman
1077,Sang-ok Shin
1078,Sara Parriott
1079,Roy Carlson
1080,James Gray
1081,Mildred Cram
1082,Akiva Goldsman
1083,Max Apple
1084,George Huang
1085,Milcho Manchevski
1086,Nikita Mikhalkov
1087,Bill Forsyth
1088,Darlene Craviotto
1089,Michael Mann
1090,Andrew Kevin Walker
1091,Randall Wallace
1092,Jim Lovell
1093,Christopher McQuarrie
1094,Jonathan Hensleigh
1095,Harmony Korine
1096,John Lasseter
1097,Ed Boon
1098,Chris Marker
1099,John O'Brien
1100,Ice Cube
1101,Peter Rader
1102,Jim Carroll
1103,Tim Herlihy
1104,John Kamps
1105,Ian Fleming
1106,Laurence Dworet
1107,Allison Anders
1108,Rafael Moreu
1109,Joseph Oriolo
1110,Alan Martin
1111,Carl Binder
1112,Jymn Magon
1113,LouAnne Johnson
1114,Joyce Maynard
1115,Samuel A. Taylor
1116,Daniel G. Sullivan
1117,Dick King-Smith
1118,Helen Prejean
1119,Sherwood Schwartz
1120,William Gibson
1121,Michael Frost Beckner
1122,John Wagner
1123,Gilles Adrien
1124,Ann Biderman
1125,Victor Salva
1126,Richard Hatem
1127,Holly Goldberg Sloan
1128,Debra Hill
1129,Albert Hackett
1130,Lilly Wachowski
1131,Alan Sharp
1132,Ann M. Martin
1133,Terry McMillan
1134,Todd Solondz
1135,Lynne Reid Banks
1136,Walter Mosley
1137,Whitney Otto
1138,Ethan Reiff
1139,John Brancato
1140,John Wyndham
1141,Peter Dexter
1142,Mark Steven Johnson
1143,Doug Richardson
1144,Stephen J. Rivele
1145,Dean R. Koontz
1146,Dusan Kovacevic
1147,Nathaniel Hawthorne
1148,Scott Rosenberg
1149,Todd Haynes
1150,Karen Elise Baldwin
1151,Michael Moore
1152,Michael Part
1153,Oliver Parker
1154,Paul Auster
1155,Eleazar Lipsky
1156,Chris Radant
1157,A.S. Byatt
1158,Rose Tremain
1159,Gregory Nava
1160,Edward Burns
1161,Ifor David Monger
1162,Harry Birckmayer
1163,Seth Margolis
1164,Don Tracy
1165,Rachel Koretsky
1166,James Herbert
1167,Michael J. Di Gaetano
1168,Abbas Kiarostami
1169,Desmond Nakano
1170,Lewis A. Green
1171,Aaron Norris
1172,Maria Maggenti
1173,Beryl Bainbridge
1174,David Price
1175,Ruth Prawer Jhabvala
1176,Nick Gomez
1177,Preston A. Whitmore II
1178,Kevin Williamson
1179,Lorenzo Carcaterra
1180,Robert Kurtzman
1181,Bruce Geller
1182,Roald Dahl
1183,Dodie Smith
1184,J.G. Ballard
1185,David Weisberg
1186,William Diehl
1187,Len Brown
1188,Michael Ondaatje
1189,Owen Wilson
1190,Billy Bob Thornton
1191,André Cayatte
1192,Jean Poiret
1193,Tom Hanks
1194,H.G. Wells
1195,Barry Fanaro
1196,Tab Murphy
1197,Tony Puryear
1198,Carl Hiaasen
1199,Jon Favreau
1200,Lou Holtz Jr.
1201,Shawn Wayans
1202,Paul Thomas Anderson
1203,Jerry Lewis
1204,Stanley Tucci
1205,Olivia Goldsmith
1206,Takashi Bufford
1207,James DeMonaco
1208,Charles Gieg Jr.
1209,Arne Schmidt
1210,Helena Kriel
1211,Mike Leigh
1212,Leslie Bohem
1213,Ryûzô Kikushima
1214,Cyril Hume
1215,Mike Judge
1216,Bill Lishman
1217,John Norville
1218,Chris Warner
1219,Lee Falk
1220,Peter Abrahams
1221,Erika Holzer
1222,Steve Buscemi
1223,Paul Michael Glaser
1224,Randy Kornfield
1225,Jan Sardi
1226,Larry Ferguson
1227,Gerald Di Pego
1228,Louise Fitzhugh
1229,Ricou Browning
1230,Tim Rice
1231,William M. Gaines
1232,Jason Friedberg
1233,Scott McPherson
1234,Chris Miller
1235,Lech Majewski
1236,Frank Dux
1237,Lisa Krueger
1238,Nick Villiers
1239,Hossein Amini
1240,Larry Bishop
1241,Cornell Woolrich
1242,Kevin Brodbin
1243,Joan Didion
1244,George Dawes Green
1245,John Payson
1246,Robert Nathan
1247,Eric Schaeffer
1248,Wayne Smith
1249,Don Rhymer
1250,Rosellen Brown
1251,Alexander Payne
1252,Michael Palmer
1253,Martin Lawrence
1254,Novalyne Price Ellis
1255,Jason Katims
1256,Farhad Mann
1257,Reb Braddock
1258,Sherry Mills
1259,Ken Lipper
1260,Valerie Martin
1261,E. Jack Kaplan
1262,Nat Hiken
1263,James Lee Burke
1264,Suzan-Lori Parks
1265,Roy Blount Jr.
1266,James Marshall
1267,Andy Burg
1268,Arianna Huffington
1269,Bill Geddie
1270,Ken Richards
1271,Luc Besson
1272,Vladimir Nabokov
1273,Matt Damon
1274,Andrew Neiderman
1275,Vincenzo Cerami
1276,James V. Hart
1277,Lowell Cunningham
1278,Andrew W. Marlowe
1279,Philip Eisner
1280,Mike Werb
1281,Andrew Niccol
1282,Lois Duncan
1283,Paul Guay
1284,Joseph D. Pistone
1285,Jay Ward
1286,Susan Gauthier
1287,Joan Taylor
1288,John Berendt
1289,Dan Schneider
1290,Hans Bauer
1291,Bruce Feirstein
1292,Leslie Charteris
1293,Simon Beaufoy
1294,Todd McFarlane
1295,Heinrich Harrer
1296,James Mangold
1297,Julian Mitchell
1298,John Ridley
1299,Brian Helgeland
1300,Jonathan Mostow
1301,Danielle Alexandra
1302,Kenneth Ross
1303,James Patterson
1304,Elisa Bell
1305,David Franzoni
1306,David Brin
1307,Donald A. Wollheim
1308,Tom Jankiewicz
1309,Spice Girls
1310,Mary Norton
1311,Leslie Cockburn
1312,Jerome Armstrong
1313,Adam Rifkin
1314,Mark Feldberg
1315,Wayne Beach
1316,Samuel W. Taylor
1317,Trey Parker
1318,Rick Moody
1319,George Tillman Jr.
1320,Majid Majidi
1321,Douglas Preston
1322,Rowan Atkinson
1323,Larry Beinhart
1324,David Baldacci
1325,Hervé Palud
1326,Howard Stern
1327,Arleen Sorkin
1328,Joel Cohen
1329,Steve Oedekerk
1330,Louise Simonson
1331,Kasi Lemmons
1332,Kevin DiCicco
1333,Jana Howington
1334,Shuki Levy
1335,Gregory Poirier
1336,Robert King
1337,Russell Banks
1338,Theodore Witcher
1339,Jane Smiley
1340,Chris Brancato
1341,Max D. Adams
1342,Robert Farrar
1343,Todd Graff
1344,Josh McKinney
1345,Ken Solarz
1346,Scott Yagemann
1347,David Bar Katz
1348,Michael Vickerman
1349,Robert Duvall
1350,Lev Tolstoy
1351,Victor Nunez
1352,Steve James
1353,Mark Dindal
1354,Jonathan Brett
1355,David Giles
1356,Naomi Wallace
1357,Wendy MacLeod
1358,John Cassavetes
1359,Kevin Allen
1360,Bob Mosher
1361,Jeff Rothberg
1362,Manny Coto
1363,Neal Cassady
1364,Robert Nelson Jacobs
1365,Jill Mazursky
1366,Christopher Reed
1367,Michael Nicholson
1368,Mark Haskell Smith
1369,Neil LaBute
1370,Peter Crabbe
1371,Peter Høeg
1372,Robert Rodat
1373,David McKenna
1374,David Levien
1375,Stephen Peters
1376,Ron Osborn
1377,Ross LaManna
1378,Hunter S. Thompson
1379,Ed Decter
1380,David Wechter
1381,Robert D. San Souci
1382,Alice Hoffman
1383,James Jones
1384,Miklós László
1385,Wes Anderson
1386,Johnston McCulley
1387,Frederick Knott
1388,Alex Proyas
1389,Susannah Grant
1390,Marc Norman
1391,Deborah Kaplan
1392,Gavin Scott
1393,Philip LaZebnik
1394,Gigi Levangie
1395,Bill Kelly
1396,David Marconi
1397,Thomas Vinterberg
1398,Silvio Horta
1399,J.D. Zeik
1400,Irwin Allen
1401,Darren Aronofsky
1402,Nick Evans
1403,Patch Adams
1404,Michael Browning
1405,Stephen Sommers
1406,Michael Hirst
1407,Mark Christopher
1408,Steven Rogers
1409,Peter Howitt
1410,Vincent Gallo
1411,Robert Bloch
1412,Ryne Douglas Pearson
1413,Dave Chappelle
1414,Todd Alcott
1415,Scott B. Smith
1416,John Steakley
1417,Christopher Nolan
1418,Sydney Newman
1419,Alessandro Baricco
1420,Lawrence Wright
1421,Steve Koren
1422,Chris Carter
1423,David Zucker
1424,Jeffrey Falcon
1425,Ken Sanzel
1426,Frank Sebastiano
1427,Hugh Lofting
1428,Peter Berg
1429,Ben Ramsey
1430,Christopher Bram
1431,Don McKellar
1432,Merian C. Cooper
1433,Stephen McCauley
1434,Satoshi Tajiri
1435,Anthony Bodden
1436,Kirk Jones
1437,Joe Klein
1438,Vera Chapman
1439,Jonathan Darby
1440,Mark Nutter
1441,Jonathan Harr
1442,Willard Carroll
1443,David N. Weiss
1444,Anthony Abrams
1445,Greg Erb
1446,William Mickelberry
1447,Margaret Rosenthal
1448,Claude Stanush
1449,Marcos Bernstein
1450,M. Night Shyamalan
1451,David Klass
1452,Esther Freud
1453,Sherman Alexie
1454,Toni Morrison
1455,Anna Quindlen
1456,Chris Soth
1457,Tamara Jenkins
1458,Dee Snider
1459,Laurie Craig
1460,Stephen White
1461,Jim Herzfeld
1462,Robert Orr
1463,Matthew L. Healy
1464,Tom Nursall
1465,Todd Stephens
1466,Jon Bernstein
1467,Eddie Little
1468,Jake Kasdan
1469,Tony Cinciripini
1470,David Rabe
1471,Vince Gilligan
1472,Chuck Palahniuk
1473,Patricia Highsmith
1474,Adam Herz
1475,Alan Ball
1476,Karen McCullah
1477,David Howard
1478,Daniel Myrick
1479,Jeffrey Eugenides
1480,Susanna Kaysen
1481,E.B. White
1482,Duncan Kennedy
1483,Troy Duffy
1484,W. Peter Iliff
1485,R. Lee Fleming Jr.
1486,Washington Irving
1487,David E. Kelley
1488,Tom Perrotta
1489,Charlie Kaufman
1490,Tim McCanlies
1491,Neal Purvis
1492,Steve Franks
1493,Arturo Pérez-Reverte
1494,Marie Brenner
1495,Harris Goldberg
1496,Robert Ramsey
1497,Alan Trustman
1498,Lona Williams
1499,Kimberly Peirce
1500,Robb White
1501,Brian Peterson
1502,Abby Kohn
1503,Darren Stein
1504,Jeffery Deaver
1505,Pamela Gray
1506,Homer H. Hickam Jr.
1507,David Self
1508,Joe Connelly
1509,John August
1510,Donald E. Westlake
1511,John Roach
1512,Terri Hughes Burton
1513,Carl V. Dupré
1514,Nelson DeMille
1515,Lynne Ramsay
1516,Ted Griffin
1517,Isaac Asimov
1518,Josann McGibbon
1519,Daniel F. Galouye
1520,Andy Heyward
1521,Ehren Kruger
1522,Rubin 'Hurricane' Carter
1523,Todd Strasser
1524,Michael Berry
1525,Nicholas Sparks
1526,Tom Lazarus
1527,Alexandra Rose
1528,Kenneth Lonergan
1529,Adam Fields
1530,Molly Shannon
1531,Malcolm D. Lee
1532,Andrew Klavan
1533,Marc Lawrence
1534,Frank McCourt
1535,Anna Leonowens
1536,Steven Paul
1537,John L. Greene
1538,Mona Simpson
1539,Daniel Woodrell
1540,Shana Larsen
1541,Émile Gaudreault
1542,Adam Scheinman
1543,Eric Goldberg
1544,Rand Ravich
1545,Jerry Juhl
1546,Marc Behm
1547,Rick Famuyiwa
1548,Jeff Franklin
1549,Darcy Frey
1550,Mitchell Kriegman
1551,Bari Wood
1552,Jacquelyn Mitchard
1553,Judith Roberts
1554,Hiroshi Kashiwabara
1555,John Logan
1556,Oscar Wilde
1557,John Mortimer
1558,Anne Rapp
1559,Rodney Patrick Vaccaro
1560,Peter Ettedgui
1561,Chris Roberts
1562,Robert Pucci
1563,David Guterson
1564,Cathleen Schine
1565,Roi Cooper Megrue
1566,Michael Henry Brown
1567,Mark Childress
1568,J.B. Cook
1569,Buddy Ruskin
1570,Jurek Becker
1571,Tim Robbins
1572,Kurt Vonnegut Jr.
1573,Jason Schafer
1574,Oscar Hammerstein II
1575,Denis Johnson
1576,Ed Stone
1577,Bret Easton Ellis
1578,Hubert Selby Jr.
1579,William Broyles Jr.
1580,Sebastian Junger
1581,Gina Wendkos
1582,Tom DeSanto
1583,Ken Kaufman
1584,Ryan Rowe
1585,Todd Phillips
1586,Jessica Bendinger
1587,Gregory Allen Howard
1588,Homer
1589,Cormac Wibberley
1590,Peter Lord
1591,Mark Protosevich
1592,Glen Morgan
1593,Clark Gregg
1594,Chris Williams
1595,Hui-Ling Wang
1596,H.B. Halicki
1597,Philip Stark
1598,Greg Glienna
1599,Jim Wheat
1600,Karen Walton
1601,Nick Hornby
1602,Corey Mandell
1603,Mitchell Kapner
1604,Joanne Harris
1605,Lee Hall
1606,Guillermo Arriaga
1607,Peter Cook
1608,Terry Rossio
1609,Thom Enriquez
1610,Dr. Seuss
1611,Lars von Trier
1612,Josh Goldsmith
1613,David Diamond
1614,Lowell Cannon
1615,Vince McKewin
1616,John Wainwright
1617,Ben Younger
1618,Toby Emmerich
1619,Scott Marshall Smith
1620,Gina Prince-Bythewood
1621,Miles Millar
1622,Angela Sommer-Bodenburg
1623,Doug Wright
1624,Catherine Ryan Hyde
1625,William Hanna
1626,Joel Soisson
1627,Topper Lilien
1628,Ted Lewis
1629,Michael Chabon
1630,Ernest Tidyman
1631,Mike Rich
1632,Steven Pressfield
1633,Will McRobb
1634,Darcy Meyers
1635,John Pogue
1636,Darryl Quarles
1637,Peter Steinfeld
1638,Stuart Blumberg
1639,Jim Webb
1640,Audrey Wells
1641,Cormac McCarthy
1642,Delia Ephron
1643,William Malone
1644,Kris Isacsson
1645,Jean-Christophe Grangé
1646,Tony Gilroy
1647,Steven Katz
1648,Britt Allcroft
1649,Ross Klavan
1650,Bonnie Hunt
1651,Andrew Lowery
1652,Mark Schwahn
1653,Mike White
1654,Allison Burnett
1655,Steven Naifeh
1656,Alan B. McElroy
1657,Charles Busch
1658,Andrew Scheinman
1659,Mark Crowdy
1660,Kim Ki-duk
1661,Vera Blasi
1662,Tim Meadows
1663,Rod Lurie
1664,Fabián Bielinsky
1665,Greg Berlanti
1666,Mark Gibson
1667,Karyn Kusama
1668,Scott Spencer
1669,Willie Morris
1670,Anita Shreve
1671,Adam Resnick
1672,Edward Bunker
1673,Cathy Cash Spellman
1674,J. David Stem
1675,John C. Richards
1676,Michael Seitzman
1677,Nicholas Klein
1678,Eddie Guzelian
1679,Garry Shandling
1680,Isabel Ellsen
1681,James Gunn
1682,Pierce Gardner
1683,Henry James
1684,Akiyoshi Hongo
1685,Eric Blakeney
1686,J.K. Rowling
1687,Ken Li
1688,J.R.R. Tolkien
1689,Amanda Brown
1690,Pete Docter
1691,Richard Kelly
1692,Mike Bender
1693,George Clayton Johnson
1694,William Steig
1695,Guillaume Laurant
1696,David Ayer
1697,Daniel Clowes
1698,Jay Chandrasekhar
1699,Bruce Porter
1700,Meg Cabot
1701,Baz Luhrmann
1702,Alejandro Amenábar
1703,Pierre Boulle
1704,David Spade
1705,Kevin Falls
1706,Michael Showalter
1707,Sean Moynihan
1708,Drake Sather
1709,Jean-Jacques Annaud
1710,Julian Fellowes
1711,Skip Woods
1712,Daniel Coyle
1713,Helen Fielding
1714,Kristine Johnson
1715,David Scarpa
1716,Sara B. Cooper
1717,Brent Hanley
1718,Duane Adler
1719,Beverly D'Onofrio
1720,Tom Brady
1721,Dustin Lee Abraham
1722,Clay Tarver
1723,Richard Recco
1724,Daniel E. Taylor
1725,J.H. Wyman
1726,Alan Moore
1727,Marc Klein
1728,Stéphane Cabel
1729,Friedrich Dürrenmatt
1730,Roderick Taylor
1731,Larry Sulkis
1732,John Stockwell
1733,Marc Hyman
1734,Hank Nelken
1735,Wesley Strick
1736,Pamela Falk
1737,Robert Dunn
1738,Brad Anderson
1739,Jon Zack
1740,John Cameron Mitchell
1741,Gene Brewer
1742,Tom Green
1743,Herman Raucher
1744,Harley Peyton
1745,Kaja Blackley
1746,Andre Dubus
1747,Louis C.K.
1748,Cinco Paul
1749,Stephen Chow
1750,John A. Davis
1751,Jan Skrentny
1752,Michael Sloane
1753,Tom Savage
1754,Hironobu Sakaguchi
1755,Mandy Nelson
1756,John Requa
1757,Jet Li
1758,Shawn Slovo
1759,Laura Zigman
1760,Stel Pavlou
1761,John Bayley
1762,Phil Hay
1763,Karan Johar
1764,Robert O'Connor
1765,Tom Butterworth
1766,Stan Seidel
1767,David L. Watts
1768,Stephen Carpenter
1769,Annie Proulx
1770,Elisabeth Sanxay Holding
1771,Heather Juergensen
1772,Jean-Marie Poiré
1773,Stephen M. Ryder
1774,DJ Pooh
1775,Adam Simon
1776,Peter Gaulke
1777,George Durham
1778,John J. Strauss
1779,Cheryl L. West
1780,Stephen Belber
1781,Mark Brown
1782,Osamu Tezuka
1783,John Sweet
1784,Nicole Holofcener
1785,David Garrett
1786,Paul Germain
1787,Mitch Davis
1788,Miklos Nyiszli
1789,Paul Felopulos
1790,Sebastian Faulks
1791,Stan Lee
1792,Scott Silver
1793,Ronald Harwood
1794,Max Allan Collins
1795,Paul W.S. Anderson
1796,Jeff Nathanson
1797,Alex Garland
1798,Erin Cressida Wilson
1799,Gregg Chabot
1800,Jay Cocks
1801,Douglas J. Eboch
1802,Susan Orlean
1803,Claude Chabrol
1804,Michael J. Wilson
1805,Hillary Seitz
1806,Chris Sanders
1807,Robert Louis Stevenson
1808,Nia Vardalos
1809,Harold G. Moore
1810,Nancy M. Pimental
1811,Rich Wilkes
1812,Kurt Wimmer
1813,Mark Hanlon
1814,Brent Goldberg
1815,Marv Wolfman
1816,Hayden Herrera
1817,Chuck Barris
1818,Feng Li
1819,Ellory Elkayem
1820,Michael Cunningham
1821,Rob Perez
1822,Mark Romanek
1823,Eli Roth
1824,David Kendall
1825,Clarence Budington Kelland
1826,James Kearns
1827,Shonda Rhimes
1828,David Benioff
1829,Alan Mak
1830,Stanislaw Lem
1831,Michael Elliot
1832,Morton S. Fine
1833,Antwone Fisher
1834,Will De Los Santos
1835,Myeong-chan Park
1836,Joseph Finder
1837,A.E.W. Mason
1838,Ernesto Foronda
1839,Louis Begley
1840,Dana Carvey
1841,Shawn Schepps
1842,Howard Swindle
1843,Natalie Babbitt
1844,Tony Gayton
1845,Guy Ritchie
1846,Lucky McKee
1847,Brandon Camp
1848,Bradley Allenstein
1849,Rebecca Wells
1850,Steven Knight
1851,Charles F. Bohl
1852,Jay Scherick
1853,Louis Nowra
1854,Burr Steers
1855,Chap Taylor
1856,Janet Fitch
1857,Lucas Sussman
1858,Dave Barry
1859,Joe R. Lansdale
1860,Robert Graysmith
1861,Michael Connelly
1862,Ronald Roose
1863,Takashi Shimizu
1864,Niki Caro
1865,Doris Pilkington
1866,Greg Iles
1867,Joe Carnahan
1868,David Birke
1869,Mort Nathan
1870,Gary M. Goodman
1871,Patrick McGrath
1872,David H. Steinberg
1873,Joe Jarvis
1874,Mark Perez
1875,Ronald Lang
1876,Stephen Gaghan
1877,Casey Affleck
1878,Temple Mathews
1879,Mars Callahan
1880,Moshe Diamant
1881,Dashiell Hammett
1882,Jaume Balagueró
1883,Arlene Klasky
1884,Brooks Arthur
1885,Coleman Hough
1886,Brad Silberling
1887,John Scott Shepherd
1888,Jorge Saralegui
1889,Stephen Johnston
1890,Paul Kimatian
1891,Ethan Canin
1892,Josefina Lopez
1893,John Stainton
1894,Mike McAlary
1895,Krzysztof Kieslowski
1896,Ted Elliott
1897,Court Crandall
1898,Charles Randolph
1899,Kevin Grevioux
1900,Garon Tsuchiya
1901,Sofia Coppola
1902,Larry Doyle
1903,Daniel Wallace
1904,Gilbert Adair
1905,Bong Joon Ho
1906,Andrew Stanton
1907,Catherine Hardwicke
1908,Troy Kennedy-Martin
1909,Patty Jenkins
1910,Patrick O'Brian
1911,Thomas Eidson
1912,Tommy Wiseau
1913,Robert Hamner
1914,Louis Sachar
1915,R.J. Stewart
1916,Rob Zombie
1917,Michael Cooney
1918,Charles Frazier
1919,Frank B. Gilbreth Jr.
1920,Craig Mazin
1921,Michele Alexander
1922,William Douglas-Home
1923,Lauran Paine
1924,Lawrence Konner
1925,David Berenbaum
1926,Mary Rodgers
1927,Fred Wolf
1928,David Dorfman
1929,Chris Kentis
1930,Tracy Chevalier
1931,J. Mackye Gruber
1932,David Griffiths
1933,Eric Garcia
1934,Frances Mayes
1935,Laura Hillenbrand
1936,Dean Georgaris
1937,Joe Harris
1938,Martin Brest
1939,David Collard
1940,Cooper Layne
1941,Alfred Gough
1942,Geoff Rodkey
1943,Alonzo Brown
1944,James Cox
1945,Mark A. Altman
1946,Jeff Shaara
1947,Andre Dubus III
1948,Christian Gudegast
1949,Tom McCarthy
1950,James Vanderbilt
1951,Philip Roth
1952,Ralph Sall
1953,Sebastian Gutierrez
1954,Ashley Miller
1955,Glenn Ficarra
1956,Buzz Bissinger
1957,Susan Estelle Jansen
1958,Frank Hannah
1959,Julia Dahl
1960,Juliette Towhidi
1961,Eric Wald
1962,Fax Bahr
1963,Roger Towne
1964,Alexander Trocchi
1965,Robert Souza
1966,Sylvain Chomet
1967,Charles B. Wessler
1968,Eve Ahlert
1969,Michael Gougis
1970,Alfred Cheung
1971,Fenton Bailey
1972,Jason Filardi
1973,Doug Jung
1974,C. Jay Cox
1975,Caspian Tredwell-Owen
1976,Elizabeth Hunter
1977,Karl Geurs
1978,Mark O'Rowe
1979,David Gordon Green
1980,Kim Fuller
1981,Gary Stephen Ross
1982,Frank Cottrell Boyce
1983,Carol Doyle
1984,Damian Nieman
1985,Hanif Kureishi
1986,Kate Boutilier
1987,Camille Thomasson
1988,Geoffrey Panos
1989,Neve Campbell
1990,Zeke Richardson
1991,Sarah Dessen
1992,David Wagner
1993,Alec Berg
1994,Rawson Marshall Thurber
1995,Rosalind Wiseman
1996,Jeremy Leven
1997,Brad Bird
1998,Leigh Whannell
1999,Stuart Beattie
2000,Jeff Vintar
2001,Paul Haggis
2002,Roland Emmerich
2003,Jared Hess
2004,George Wing
2005,A.J. Quinnell
2006,Benedict Fitzgerald
2007,Will Ferrell
2008,Mort Briskin
2009,Robert Gordon
2010,Scott Kosar
2011,Gaston Leroux
2012,Patrick Marber
2013,Richard Condon
2014,George Nolfi
2015,Jon Hurwitz
2016,Rex Pickett
2017,William Blinn
2018,Shane Carruth
2019,Leigh Dunlap
2020,John Hamburg
2021,Derek Drymon
2022,Keir Pearson
2023,Michael Pye
2024,Zach Braff
2025,Sarah Thorp
2026,Kar-Wai Wong
2027,Matt Johnson
2028,Taylor Hackford
2029,Derek Guiley
2030,Allan Knee
2031,Stephen Susco
2032,Jules Verne
2033,Chris Van Allsburg
2034,Eric Guggenheim
2035,Wayne Kramer
2036,Mark Amin
2037,Gilles Mimouni
2038,Dyan Sheldon
2039,Patrick J. Clifton
2040,Bill Cosby
2041,Kerry Conran
2042,Masayuki Suô
2043,Paul Zbyszewski
2044,Sébastien Japrisot
2045,Lukas Heller
2046,Brian Dannelly
2047,Jim Davis
2048,Paul Weitz
2049,Mitch Rotter
2050,Jacob Estes
2051,Kate Gunzinger
2052,Angela Robinson
2053,Bo Zenga
2054,Gerry Anderson
2055,Emily Fox
2056,Jean-Claude Carrière
2057,Matthew Faulk
2058,William Peter Blatty
2059,Steve Adams
2060,Bill Naughton
2061,Robert Grasmere
2062,Todd R. Jones
2063,Will Finn
2064,Victor Levin
2065,Timur Bekmambetov
2066,Chris Stokes
2067,Kevin Spacey
2068,Michael Clancy
2069,Aditya Chopra
2070,Melissa Carter
2071,Aline Brosh McKenna
2072,Joshua Marston
2073,Michael Dowse
2074,Nikolaj Arcel
2075,Richard Epcar
2076,Michael Genet
2077,Rhett Reese
2078,Judd Apatow
2079,Robin Swicord
2080,Deborah Moggach
2081,Frank Miller
2082,Ann Peacock
2083,Steve Faber
2084,Josh Friedman
2085,William Monahan
2086,Jamie Delano
2087,Douglas Adams
2088,Mark Frost
2089,Simon Kinberg
2090,Rob McKittrick
2091,Paul Hernandez
2092,Mark Burton
2093,Brian Nelson
2094,Ann Brashares
2095,Carl Ellsworth
2096,Charles Belden
2097,David Elliot
2098,Gy Waldron
2099,Martin Stellman
2100,Johnny Cash
2101,Stacy Peralta
2102,Tony Kushner
2103,Brett Halliday
2104,Jeffrey Caine
2105,Thomas Lennon
2106,Kevin Bisch
2107,Neil Gaiman
2108,Stephen Chbosky
2109,Ron Mita
2110,Peter A. Dowling
2111,Kôji Suzuki
2112,Abdi Nazemian
2113,Ron Burch
2114,Cliff Hollingsworth
2115,Emma Thompson
2116,Clive Cussler
2117,Dan Gilroy
2118,Terrence Malick
2119,Rian Johnson
2120,Greg McLean
2121,Paul Harris Boardman
2122,Dave Callaham
2123,Roberto Orci
2124,Lance Khazei
2125,Michael Steinberg
2126,Ol Parker
2127,Thomas Bezucha
2128,Peter Tolan
2129,Dan Futterman
2130,Noah Baumbach
2131,John J. McLaughlin
2132,Anya Kochoff
2133,Tyler Perry
2134,Steve Box
2135,Tom Bleecker
2136,Elizabeth Young
2137,Jason Reitman
2138,Ari Schlossberg
2139,Michael McQuown
2140,Robert Crais
2141,Terence Winter
2142,Todd Edwards
2143,Guinevere Turner
2144,Patrick Melton
2145,Mike Jefferies
2146,George Clooney
2147,Colin Patrick Lynch
2148,Jeff Wadlow
2149,Nick Cave
2150,Roger Donaldson
2151,Craig Brewer
2152,Richard Shepard
2153,Kate DiCamillo
2154,Atom Egoyan
2155,Claire Cook
2156,William Rose
2157,Rebecca Miller
2158,William B. Breuer
2159,Tony Grisoni
2160,Elan Mastai
2161,Brent Monahan
2162,Niall Johnson
2163,Steven Gary Banks
2164,David Auburn
2165,David Schmidt
2166,Steve Conrad
2167,Eric Kripke
2168,Miranda July
2169,Duncan Tucker
2170,Guillermo Cabrera Infante
2171,Arie Posin
2172,Jim Piddock
2173,George Webster
2174,Angus MacLachlan
2175,William Wisher
2176,John Gatins
2177,Jonathan Safran Foer
2178,Walter Kirn
2179,Bill Wolff
2180,Chris Morgan
2181,Jonathan Nolan
2182,Zack Snyder
2183,Mel Gibson
2184,Ewan Leslie
2185,Todd Field
2186,Alfonso Cuarón
2187,Michael Arndt
2188,Peter Morgan
2189,Charles Leavitt
2190,Florian Henckel von Donnersmarck
2191,Robert Ben Garant
2192,Alex Kurtzman
2193,Russell Gewirtz
2194,Adam Cooper
2195,Michael Dougherty
2196,J.S. Cardone
2197,Danny McBride
2198,Jason Smilovic
2199,Bill Marsilii
2200,Jack Black
2201,Gerard Soeteman
2202,Sacha Baron Cohen
2203,John Heffernan
2204,Mark Neveldine
2205,Neil Burger
2206,Zach Helm
2207,John Quaintance
2208,Jeff Lowell
2209,Peter Buchman
2210,Tom Eyen
2211,Sheldon Turner
2212,Dan Harmon
2213,Andrea Berloff
2214,Don Calame
2215,Allen Covert
2216,Dick Clement
2217,Ron L. Brinkerhoff
2218,Werner Herzog
2219,Jake Wade Wall
2220,Jeremy Garelick
2221,Paul Greengrass
2222,Iris Yamashita
2223,Tom J. Astle
2224,Richard Wenk
2225,Don Payne
2226,Steve Bencich
2227,Leslie Caveny
2228,William Brent Bell
2229,Tracy Letts
2230,Michael Arlen Ross
2231,Tristan Carné
2232,David Von Ancken
2233,Brad Gann
2234,Joe Forte
2235,Adam Green
2236,Jamie Linden
2237,I. Marlene King
2238,Michelle Gallagher
2239,Captain Mauzner
2240,Doug Atchison
2241,Céline Garcia
2242,David DiGilio
2243,Zhihong Bian
2244,Phil Sears
2245,Sidney Lumet
2246,Michael LeSieur
2247,Goran Dukic
2248,Dan Madigan
2249,Steven Zaillian
2250,Paul Bernbaum
2251,Tina Gordon
2252,Emilio Estevez
2253,Ryan Fleck
2254,Douglas McGrath
2255,Dianne Houston
2256,Kevin Bernhardt
2257,Richard Maltby Jr.
2258,Kiyoshi Kurosawa
2259,Mark Polish
2260,Nick Guthe
2261,Todd Robinson
2262,Robert Kurtz
2263,Jonathan Raymond
2264,Wil Shriner
2265,Jane Goldman
2266,Ben Affleck
2267,Christopher Landon
2268,Seth Rogen
2269,Michael Goldenberg
2270,Jonathan Lemkin
2271,John Carlin
2272,Diablo Cody
2273,Rowan Joffe
2274,Frank Darabont
2275,Jeff Stockwell
2276,Emma McLaughlin
2277,Michael Haneke
2278,Halsted Welles
2279,Brian Koppelman
2280,Jeff Cox
2281,Steve Niles
2282,Joby Harold
2283,Jerry Seinfeld
2284,Scot Armstrong
2285,Shane Salerno
2286,Matt Greenberg
2287,Matthew Michael Carnahan
2288,Andrew Dominik
2289,Josh Stolberg
2290,Chris Weitz
2291,Nacho Vigalondo
2292,Justin Zackham
2293,Eileen Chang
2294,Oren Peli
2295,Kelly Masterson
2296,Jon Vitti
2297,Marianne Wibberley
2298,Nancy Oliver
2299,Nichole Millard
2300,Dean Craig
2301,Mark L. Smith
2302,Todd Komarnicki
2303,Will Forte
2304,Nick Castle
2305,John Burnham Schwartz
2306,Fernley Phillips
2307,Michael Davis
2308,Isabelle Sobelman
2309,John Carney
2310,Lee Anthony Smith
2311,Adrienne Shelly
2312,Carol Fuchs
2313,Kevin Munroe
2314,Chad Gomez Creasey
2315,Doug Taylor
2316,Laeta Kalogridis
2317,Ed Yeager
2318,Howard A. Rodman
2319,Ian Mackenzie Jeffers
2320,André Batista
2321,Mark Wheaton
2322,Alexandre Aja
2323,Carey W. Hayes
2324,David Kajganich
2325,Marjane Satrapi
2326,Robert Eisele
2327,Jeff Hammond
2328,Dan Fogelman
2329,Gustin Nash
2330,Mick Davis
2331,Jez Butterworth
2332,Arif Aliev
2333,Laura Kasischke
2334,Jonathan Kasdan
2335,Kelley Sane
2336,Kim Barker
2337,Robert Adetuyi
2338,Deborah Kampmeier
2339,Uwe Boll
2340,Allan Loeb
2341,Melissa Rosenberg
2342,Mark Fergus
2343,Jonathan Aibel
2344,Justin Theroux
2345,Catherine Johnson
2346,Bryan Bertino
2347,Michael Brandt
2348,Justin Haythe
2349,Jason Segel
2350,Grant Nieporte
2351,Martin McDonagh
2352,Michael Patrick King
2353,Nick Schenk
2354,Mark Boal
2355,Art Monterastelli
2356,Robert Siegel
2357,Drew Goddard
2358,J. Michael Straczynski
2359,John Glenn
2360,Chris Hauty
2361,Vy Vincent Ngo
2362,Michael D. Weiss
2363,Sean Anders
2364,Andrew Adamson
2365,John Boyne
2366,John Ajvide Lindqvist
2367,Timothy Dowling
2368,Clayton Frohman
2369,Lucy Dahl
2370,Brock Norman Brock
2371,Nicholas Stoller
2372,Nick Santora
2373,Adam Sandler
2374,John Claflin
2375,Lorene Scafaria
2376,Karey Kirkpatrick
2377,Neil Marshall
2378,Beau Thorne
2379,Dustin Lance Black
2380,Etan Cohen
2381,Jody Savin
2382,Maya Forbes
2383,Toni Ann Johnson
2384,Darren Smith
2385,Dirk Blackman
2386,Diane English
2387,Matt Lopez
2388,Jeff Buhler
2389,Kristofor Brown
2390,Adam Sztykiel
2391,Dana Fox
2392,David Lindsay-Abaire
2393,Robert Knott
2394,Barry L. Levy
2395,Robert Fyvolent
2396,Megan Holley
2397,Peter Straughan
2398,Peter Barsocchini
2399,Duncan Brantley
2400,Henry Gilroy
2401,Michael McCullers
2402,Joseph Kwong
2403,Caroline Thompson
2404,John Erick Dowdle
2405,Jason Richman
2406,Matt Allen
2407,Elizabeth Chandler
2408,José Saramago
2409,Mark Richard
2410,Maurice G. Dantec
2411,Jee-woon Kim
2412,Ronnie Christensen
2413,Luke Dawson
2414,Mark Bomback
2415,Frank Spotnitz
2416,David Loughery
2417,Alex Kendrick
2418,Jeffrey Nachmanoff
2419,Jordan Cahan
2420,Hu Hong
2421,Darnell Martin
2422,Tony Burgess
2423,Analisa LaBianco
2424,Ari Folman
2425,Glenn Gers
2426,Andrew Davies
2427,Michel Gondry
2428,Art Linson
2429,Rob Greenberg
2430,Chris McKenna
2431,Jonathan Levine
2432,Courtney Hunt
2433,S.R. Bindler
2434,Kent Harper
2435,David Hayter
2436,Jon Lucas
2437,Scott Neustadter
2438,Michael Robert Johnson
2439,Neill Blomkamp
2440,Ernest Cline
2441,Henry Selick
2442,Duncan Jones
2443,Ronan Bennett
2444,Peter Chiarelli
2445,Jaco Van Dormael
2446,Gaspar Noé
2447,Will Gluck
2448,Joe Penhall
2449,Shauna Cross
2450,Eduardo Sacheri
2451,Travis Milloy
2452,Adam Alleca
2453,Spike Jonze
2454,Harold Ramis
2455,Geoffrey Fletcher
2456,Phil Lord
2457,Anthony Peckham
2458,Nicole Eastman
2459,Ricky Gervais
2460,Olatunde Osunsanmi
2461,Matthew Sand
2462,Jon Ronson
2463,Chris Henchy
2464,Christopher Isherwood
2465,Ray Wright
2466,Eric Bress
2467,Randy T. Dinzler
2468,Michael Spierig
2469,Lynn Barber
2470,Scott Cooper
2471,Michael Berg
2472,Eric Warren Singer
2473,Todd Farmer
2474,Pamela Pettler
2475,Vincenzo Natali
2476,Thomas Bidegain
2477,Greg DePaul
2478,Michael Ferris
2479,Andrea Arnold
2480,David Bourla
2481,Agnieszka Wojtowicz-Vosloo
2482,Kevin James
2483,Émile Zola
2484,Reggie Rock Bythewood
2485,William M. Finkelstein
2486,Michael Jai White
2487,Michael C. Martin
2488,Dan Berendsen
2489,Daniel Kunka
2490,Ti West
2491,Mike Reiss
2492,Dave Eggers
2493,Jody Hill
2494,Gary Young
2495,Scott Z. Burns
2496,Joe Stillman
2497,Raymond De Felitta
2498,Edmonde Charles-Roux
2499,Tommy Wirkola
2500,Alessandro Camon
2501,Jon Hoeber
2502,Tomm Moore
2503,J Blakeson
2504,Andy Stock
2505,Zach Cregger
2506,Justin Marks
2507,Tatiana von Fürstenberg
2508,Michael Bacall
2509,Mark Heyman
2510,Peter Craig
2511,Rob Reiner
2512,Gareth Edwards
2513,Adam Rockoff
2514,Denis Villeneuve
2515,Steve Antin
2516,Craig Titley
2517,Travis Beacham
2518,Gary Whitta
2519,Derek Cianfrance
2520,Patrick O'Neill
2521,Pete Goldfinger
2522,Danny Boyle
2523,Adam McKay
2524,Edward Kitsis
2525,Ian Deitchman
2526,Bert V. Royal
2527,David Seidler
2528,Matthew Vaughn
2529,Alan Schoolcraft
2530,Christopher Murphey
2531,Ryan Murphy
2532,Josh Heald
2533,Jackie Filgo
2534,Alex Litvak
2535,Chris Sparling
2536,Peter Schink
2537,Will Fetters
2538,Debra Granik
2539,Peter Allen
2540,Slavomir Rawicz
2541,Bob DeRosa
2542,Alan R. Cohen
2543,Anna Boden
2544,Josh Klausner
2545,Christopher Markus
2546,Matt Reeves
2547,Lisa Cholodenko
2548,Floria Sigismondi
2549,Robert Harris
2550,Joshua Cordes
2551,Katherine Fugate
2552,Jose Rivera
2553,David Guion
2554,Amy Andelson
2555,Robb Cullen
2556,Quentin Dupieux
2557,Moe Jelline
2558,Adi Hasak
2559,Kaneo Ikegami
2560,Lucinda Coxon
2561,Geoff LaTulippe
2562,Jonathan Bernstein
2563,Jordan Melamed
2564,Mike Mills
2565,John Orloff
2566,Andy Bellin
2567,Shibani Bathija
2568,John Wells
2569,Mark Duplass
2570,Michael R. Perry
2571,John Curran
2572,Robert Pulcini
2573,Huck Botko
2574,Abe Sylvia
2575,Kate Angelo
2576,Shana Feste
2577,Craig Pearce
2578,Nick Damici
2579,Anthony Jaswinski
2580,Mordecai Richler
2581,James D. Solomon
2582,Michael Carnes
2583,Julie Taymor
2584,Sacha Gervasi
2585,Jennifer Ventimilia
2586,Sngmoo Lee
2587,Spencer Susser
2588,Nick Tomnay
2589,Mark Jacobson
2590,Dan Rush
2591,Jeff Nichols
2592,Kristen Wiig
2593,Tate Taylor
2594,Elizabeth Meriwether
2595,Gavin O'Connor
2596,Keith Merryman
2597,Charley Parlapanides
2598,Gene Stupnitsky
2599,David Nicholls
2600,Steve McQueen
2601,Oliver Butcher
2602,Thomas Dean Donnelly
2603,Ben Ripley
2604,Michael Markowitz
2605,Carlos Saldanha
2606,Michele Mulroney
2607,Simon Pegg
2608,Rick Jaffa
2609,John Romano
2610,Shawn Christensen
2611,Asghar Farhadi
2612,Gareth Evans
2613,J.C. Chandor
2614,Seth Lochhead
2615,Will Reiser
2616,Hergé
2617,Jon Spaihts
2618,Eric Heisserer
2619,Simon Barrett
2620,Ben Zook
2621,Nick Bakay
2622,Pete Jones
2623,Brian Gatewood
2624,Scott M. Gimple
2625,Christopher Bertolini
2626,Matt Sherring
2627,Will Hayes
2628,David Loucka
2629,Marti Noxon
2630,Sean McNamara
2631,Michel Hazanavicius
2632,Shaun Grant
2633,Jennie Snyder Urman
2634,Cory Goodman
2635,Hamish McColl
2636,Gabe Sachs
2637,Yasmina Reza
2638,Joe Cornish
2639,John Michael McDonagh
2640,Mike Cahill
2641,Drake Doremus
2642,Karyn Bosnak
2643,Rob Sprackling
2644,Tom Wheeler
2645,Daniel Barnz
2646,Skip Hollandsworth
2647,Bragi F. Schut
2648,Gustavo Hernández
2649,Stephen J. Anderson
2650,John Davies
2651,Jeremy Brock
2652,Karl Mueller
2653,David Leslie Johnson-McGoldrick
2654,Sonny Mallhi
2655,Michael Petroni
2656,Zal Batmanglij
2657,Madonna
2658,Jesse Peretz
2659,John Garvin
2660,Karl Gajdusek
2661,Jason Keller
2662,Tetsurô Sayama
2663,Michael Diliberti
2664,Abi Morgan
2665,Lynn Shelton
2666,Heng Liu
2667,Brian Miller
2668,Brian Patrick O'Toole
2669,Kyle Killen
2670,Imtiaz Ali
2671,Matthew Fogel
2672,Karen Janszen
2673,Kay Cannon
2674,Tobias Lindholm
2675,Sergio G. Sánchez
2676,Chris Terrio
2677,Lee Child
2678,David Mitchell
2679,Evan Daugherty
2680,Seth MacFarlane
2681,Scott Derrickson
2682,David Caspe
2683,Brenda Chapman
2684,Seth Grahame-Smith
2685,Reid Carolin
2686,Peter Baynham
2687,Len Wiseman
2688,David Guggenheim
2689,Rich Moore
2690,Matt Drake
2691,Yann Martel
2692,Brian Gunn
2693,Jared Stern
2694,Derek Connolly
2695,Max Landis
2696,Dan Mazeau
2697,Pablo F. Fenjves
2698,Morgan Land
2699,Eric Darnell
2700,Ben Lewin
2701,Susan Hill
2702,Mike Cerrone
2703,Craig Zobel
2704,Dax Shepard
2705,Kurt Johnstad
2706,Jack Kerouac
2707,Lisa Azuelos
2708,David Cohen
2709,Stephen Elliott
2710,Amanda Brody
2711,Zoe Kazan
2712,Juliet Snowden
2713,M.J. Bassett
2714,Tim Macy
2715,Marc Moss
2716,Randy Brown
2717,Chris Butler
2718,Aaron Guzikowski
2719,Nicholas Jarecki
2720,RZA
2721,Leonard Ripps
2722,Noah Haidle
2723,Zach Dean
2724,Brian Klugman
2725,John Hyams
2726,John Krasinski
2727,Lucy Alibar
2728,Scott Wiper
2729,Todd Lincoln
2730,James Mather
2731,Kario Salem
2732,Leslye Headland
2733,D.V. DeVincentis
2734,Lisa Addario
2735,Hannah Shakespeare
2736,Josh Radnor
2737,Petter Skavlan
2738,Juan Solanas
2739,David Chase
2740,Andrew Stern
2741,Gideon Defoe
2742,Farhan Akhtar
2743,Vanessa Taylor
2744,Bob Barlen
2745,Katie Anne Naylon
2746,Jack Amiel
2747,Nancy Doyne
2748,Max Werner
2749,Christopher Ford
2750,Drew Pearce
2751,Chad Hayes
2752,Christopher L. Yost
2753,Walter Campbell
2754,Jacques Lob
2755,Bob Fisher
2756,Jennifer Lee
2757,Dan Scanlon
2758,Joseph Gordon-Levitt
2759,Ed Solomon
2760,Rocky Russo
2761,Craig Borten
2762,Nat Faxon
2763,Vince Vaughn
2764,Fede Alvarez
2765,Creighton Rothenberger
2766,Brad Ingelsby
2767,James Ward Byrkit
2768,Gavin Hood
2769,Wentworth Miller
2770,Jessica Postigo
2771,Andy Muschietti
2772,Miles Chapman
2773,Adam Marcus
2774,Anne Fontaine
2775,Kyle Ward
2776,Isaac Marion
2777,Marc Guggenheim
2778,Will Beall
2779,Mike Flanagan
2780,Richard D'Ovidio
2781,Maggie Carey
2782,Lawrence D. Cohen
2783,Darren Lemke
2784,Blake Masters
2785,Katie Dippold
2786,Misan Sagay
2787,Danny Strong
2788,Nicolas Winding Refn
2789,Guillaume Canet
2790,Andrew Knauer
2791,Jon S. Baird
2792,Ken Scott
2793,Kelly Marcel
2794,Markus Zusak
2795,Daniel Schechter
2796,Gary Hawkins
2797,Tim Kelleher
2798,Erica Rivinoja
2799,Jeremy Saulnier
2800,Scott Stewart
2801,Bob Nelson
2802,Joe Ahearne
2803,Brian Tucker
2804,Pat Rushin
2805,Guy Holmes
2806,Jonathan Goldstein
2807,Ryan Coogler
2808,Johnny Knoxville
2809,Steve Coogan
2810,Matt Whiteley
2811,Marlon Wayans
2812,Meg Rosoff
2813,Peter Landesman
2814,Jason Hall
2815,Daniel Domscheit-Berg
2816,Andrew Dodge
2817,Michael G. Cooney
2818,Ritesh Batra
2819,Sean Finegan
2820,Derek Kolstad
2821,Gillian Flynn
2822,Stefan Zweig
2823,Damien Chazelle
2824,Noah Oppenheim
2825,Jemaine Clement
2826,Graham Moore
2827,Alejandro G. Iñárritu
2828,David Robert Mitchell
2829,Ivan Menchell
2830,Ryan J. Condal
2831,Ishirô Honda
2832,Michael Mitnick
2833,Jordan Roberts
2834,James Lapine
2835,Gary Dauberman
2836,Anthony McCarten
2837,Dan Sterling
2838,Dennis Lehane
2839,Andrew Jay Cohen
2840,Jennifer Kent
2841,Melissa K. Stack
2842,Germán Servidio
2843,Josh Appelbaum
2844,Joshua Zetumer
2845,Richelle Mead
2846,Phil Graziadei
2847,Dean DeBlois
2848,George Gatins
2849,Paul King
2850,John W. Richardson
2851,Jonathan Tropper
2852,John Swetnam
2853,Michael Colton
2854,Adam Cozad
2855,Jorge R. Gutiérrez
2856,Michael Finch
2857,Matt Sazama
2858,Nelson Greaves
2859,Jack Paglen
2860,Margaret Nagle
2861,Janet Scott Batchler
2862,Greg Coolidge
2863,Tom Gormican
2864,Tommy Lee Jones
2865,Chad Kultgen
2866,Luke Greenfield
2867,Bart De Pauw
2868,Andrew Bovell
2869,Carlyle Eubank
2870,Bruce Wagner
2871,Richard Glatzer
2872,Oren Moverman
2873,Christina Welsh
2874,Andrew Knight
2875,Paul Webb
2876,Rob Thomas
2877,Justin Lader
2878,Scott Rothman
2879,Patrick Tobin
2880,James Bobin
2881,Paul Lalonde
2882,Rob Lieber
2883,Theodore Melfi
2884,Sean Hood
2885,Hunter Dennis
2886,Melissa McCarthy
2887,David Michôd
2888,Ryan Gosling
2889,Craig Rosenberg
2890,Stephen Zotnowski
2891,Aimee Lagos
2892,Christopher Kyle
2893,Peter Strickland
2894,Adam J. Braff
2895,Roberts Gannaway
2896,Ramin Bahrani
2897,Andrea Seigel
2898,Edgar Wright
2899,Taylor Sheridan
2900,Robert Eggers
2901,Emma Donoghue
2902,Josh Singer
2903,Melissa Rauch
2904,Morgan Davis Foehl
2905,Paul Feig
2906,Jeremy Slater
2907,J. Mills Goodloe
2908,Mark Mallouk
2909,Marc Abraham
2910,Brian Lynch
2911,Carlton Cuse
2912,Amy Schumer
2913,Damon Lindelof
2914,Matt Charman
2915,Brian Duffield
2916,Jonathan Herman
2917,Phyllis Nagy
2918,Barbara Curry
2919,Kurt Sutter
2920,T.S. Nowlin
2921,Bob Peterson
2922,Joel Edgerton
2923,Jay Martel
2924,Doug Ellin
2925,Carrie Lee Wilson
2926,Ilya Naishuller
2927,Chris Bowman
2928,Àlex Pastor
2929,Jason Fuchs
2930,Bryan Sipe
2931,Todd Louiso
2932,Brian Burns
2933,Josh A. Cagan
2934,John McNamara
2935,Robert Smigel
2936,Vijayendra Prasad
2937,Paula Pell
2938,Cary Joji Fukunaga
2939,Jesse Andrews
2940,Phoebe Gloeckner
2941,Sean Baker
2942,Alexi Kaye Campbell
2943,Simon Kelton
2944,Guy Hibbert
2945,Max Joseph
2946,Angelina Jolie
2947,Eric Aronson
2948,Jason Pagan
2949,Matt Brown
2950,Nissar Modi
2951,Nathan Parker
2952,David Feeney
2953,Todd Casey
2954,Jean-Patrick Manchette
2955,Michael Polish
2956,Tai-lee Chan
2957,Christopher Cleveland
2958,Craig Schulz
2959,Ross Bagdasarian
2960,Mikko Alanne
2961,Irena Brignull
2962,Joachim Trier
2963,Chris Lofing
2964,John Maclean
2965,Jon Watts
2966,Ryan Landels
2967,Brian Bird
2968,Rachel Boynton
2969,Laura Terruso
2970,Mitch Cullin
2971,Daniel Lee
2972,Jojo Moyes
2973,Jared Bush
2974,Matt Ross
2975,Garth Jennings
2976,Byron Howard
2977,Evan Spiliotopoulos
2978,Robert Schenkkan
2979,Chuck Hogan
2980,Tom Ford
2981,Nicolas Wright
2982,Ransom Riggs
2983,Douglas Cook
2984,Allison Schroeder
2985,Kyle Hunter
2986,Bill Dubuque
2987,Barry Jenkins
2988,Ike Barinholtz
2989,Stephen Chin
2990,Dan Brown
2991,Jonathan Perera
2992,Josh Campbell
2993,Saroo Brierley
2994,Deon Taylor
2995,Kieran Fitzgerald
2996,Ana Lily Amirpour
2997,Matt Cook
2998,Seth W. Owen
2999,Ellen Furman
3000,Kelly Fremon Craig
3001,John Phillips
3002,Daniel Scheinert
3003,Carlo Bernard
3004,Stacey Menear
3005,August Wilson
3006,Andy Samberg
3007,Michael Lesslie
3008,Andrew Baldwin
3009,Brian Reindl
3010,Jessica Sharzer
3011,Lewis John Carlino
3012,Christy Beam
3013,Lew Wallace
3014,Patrick Massett
3015,David Lowery
3016,Jordan Peele
3017,Patrick Ness
3018,Marc Haimes
3019,T.J. Fixman
3020,Nicholas Martin
3021,Brian Azzarello
3022,Eric Summer
3023,Sean Conway
3024,Nick Antosca
3025,Jim Strouse
3026,Ben Fountain
3027,Olivier Assayas
3028,Robert Carlock
3029,Susan McMartin
3030,Jonathan Jakubowicz
3031,Deborah Lipstadt
3032,Ash Brannon
3033,Joe Shrapnel
3034,Eric Pearson
3035,Tom O'Connor
3036,Chase Palmer
3037,Jenny Bicks
3038,Michael Berk
3039,Hallie Meyers-Shyer
3040,Lee Unkrich
3041,Allan Heinberg
3042,Sebastián Lelio
3043,Michael Green
3044,Greta Gerwig
3045,Jules Asner
3046,Niall Leonard
3047,Scott Lobdell
3048,Art Marcum
3049,Ronald Bronstein
3050,Shirow Masamune
3051,Pierre Christin
3052,Stephen Schiff
3053,Armando Iannucci
3054,Tom Flynn
3055,Jon Hartmere
3056,Gary Spinelli
3057,James Ponsoldt
3058,Brian Fee
3059,Lucia Aniello
3060,Rick Rosner
3061,Robert L. Baird
3062,Sean Flynn
3063,Destin Daniel Cretton
3064,Emily V. Gordon
3065,Cory Finley
3066,Jo Nesbø
3067,Johannes Roberts
3068,Liz Hannah
3069,Trey Edward Shults
3070,Tony Leondis
3071,Christina Hodson
3072,Brett Haley
3073,Gregg Hurwitz
3074,W. Bruce Cameron
3075,Bob Logan
3076,Brendan O'Brien
3077,Angela Workman
3078,Jeremy Haft
3079,John Pollono
3080,Stacey Harman
3081,Van Robichaux
3082,Ron Hall
3083,Meghan McCarthy
3084,Justin Malen
3085,Knate Lee
3086,Jeff Kinney
3087,Alex von Tunzelmann
3088,Isabel Coixet
3089,Barbara Marshall
3090,Michael Koskoff
3091,Andrea Gyertson Nasfell
3092,Jonathan Penner
3093,Bryan Woods
3094,Ari Aster
3095,Darcey Bell
3096,Jeff Pinkner
3097,Nick Vallelonga
3098,Charlie Wachtel
3099,Andy Weiss
3100,Kenji Bando
3101,Bo Burnham
3102,Dario Argento
3103,Deborah Davis
3104,Panos Cosmatos
3105,Semi Chellas
3106,Byron Willinger
3107,Ben Chandler
3108,Luke Davies
3109,Nadine Labaki
3110,Aaron Kandell
3111,Becky Albertalli
3112,P.L. Travers
3113,Genndy Tartakovsky
3114,Graham Roland
3115,Ted Tally
3116,Susanna Fogel
3117,Beau Willimon
3118,Phil Johnston
3119,Geneva Robertson-Dworet
3120,David Lagercrantz
3121,Juel Taylor
3122,Ryan Engle
3123,Jonah Hill
3124,Chad St. John
3125,Aneesh Chaganty
3126,Brian Kehoe
3127,Matthew Orton
3128,Jacques Audiard
3129,Bill Holderman
3130,Boots Riley
3131,Steven S. DeKnight
3132,Chad Hodge
3133,Michael Reisz
3134,Daniele Sebastian Wiedenhaupt
3135,Joe Penna
3136,Roberta Hanley
3137,Arijit Biswas
3138,John Bellairs
3139,Leo Rossi
3140,A.A. Milne
3141,Garrard Conley
3142,Bethany Ashton Wolf
3143,Daniel Stiepleman
3144,Sam Levinson
3145,Ashleigh Powell
3146,Todd Berger
3147,Kevin Hart
3148,Seth M. Sherwood
3149,Jay Longino
3150,Brian Sieve
3151,Tom Vaughan
3152,Dorothy Blyskal
3153,John Altschuler
3154,Xavier Dolan
3155,Jeff Pope
3156,Alex Tse
3157,Bart Millard
3158,Akira Toriyama
3159,Jonathan Baker
3160,Stephen Merchant
3161,Christine Leunens
3162,Henry Gayden
3163,Sam Mendes
3164,Guy Busick
3165,Andrew Cosby
3166,Emily Halpern
3167,Robin Bissell
3168,Matt Holloway
3169,Tyler Nilson
3170,Lee Eisenberg
3171,Scotty Landes
3172,Mikki Daughtry
3173,Frank Baldwin
3174,Michael Rasmussen
3175,Matthew Cirulnick
3176,Mindy Kaling
3177,Matt Lieberman
3178,Micah Fitzerman-Blue
3179,Dan Hernandez
3180,Erica Beeney
3181,Dan Hageman
3182,Peter Ackerman
3183,Ernest Riera
3184,Makoto Shinkai
3185,Vincent D'Onofrio
3186,Tyler Burton Smith
3187,Tripper Clancy
3188,Sarfraz Manzoor
3189,Edmond Wong
3190,Jill Culton
3191,Erin Cardillo
3192,Alison Peck
3193,David Gleeson
3194,Gareth Dunnet-Alcocer
3195,Joey O'Bryan
3196,Gong Geer
3197,Joyce Smith
3198,Zara Hayes
3199,Tracy Oliver
3200,Melanie Martinez
3201,Abby Johnson
3202,Eddie Mensore
3203,Andy Golub
3204,Pat Casey
3205,Hu Guan
